"","geoid10","m0009w","m1019w","m2029w","m3039w","m4049w","m5059w","m6069w","m70upw","f0009w","f1019w","f2029w","f3039w","f4049w","f5059w","f6069w","f70upw","m0009b","m1019b","m2029b","m3039b","m4049b","m5059b","m6069b","m70upb","f0009b","f1019b","f2029b","f3039b","f4049b","f5059b","f6069b","f70upb","m0009a","m1019a","m2029a","m3039a","m4049a","m5059a","m6069a","m70upa","f0009a","f1019a","f2029a","f3039a","f4049a","f5059a","f6069a","f70upa","m0009o","m1019o","m2029o","m3039o","m4049o","m5059o","m6069o","m70upo","f0009o","f1019o","f2029o","f3039o","f4049o","f5059o","f6069o","f70upo","m0009h","m1019h","m2029h","m3039h","m4049h","m5059h","m6069h","m70uph","f0009h","f1019h","f2029h","f3039h","f4049h","f5059h","f6069h","f70uph"
"1",12031000100,140,128,145,183,251,202,145,172,115,140,134,163,208,188,170,379,262,345,125,201,232,91,58,46,263,322,167,302,273,138,77,53,2,3,2,0,5,3,0,1,1,6,2,2,5,4,0,1,9,7,7,2,8,3,6,4,11,4,9,6,17,2,6,9,10,6,6,11,11,6,4,2,12,5,8,7,5,9,5,5
"2",12031000200,8,4,9,14,14,13,7,7,7,2,9,8,9,17,3,10,206,233,133,135,139,94,78,80,205,227,149,179,184,141,131,163,0,1,0,0,0,0,0,0,0,0,0,1,1,0,0,0,7,1,3,2,2,0,1,0,5,1,1,0,2,1,3,2,2,2,1,1,1,3,0,0,7,2,1,1,0,1,1,1
"3",12031000300,36,42,41,65,77,42,33,43,38,33,47,48,52,56,33,69,202,206,112,107,150,79,44,29,160,249,126,150,169,80,48,48,0,0,0,0,0,1,0,2,0,0,0,1,0,0,0,2,0,1,3,2,3,3,0,1,5,7,2,0,4,0,1,2,9,10,8,2,9,2,1,2,9,9,4,8,4,4,2,0
"4",12031000600,168,171,182,266,287,156,111,129,153,176,171,247,264,176,145,314,150,107,81,94,79,42,30,32,135,130,106,97,98,77,41,60,3,8,5,7,4,5,1,0,9,2,5,9,4,9,1,3,23,17,9,11,9,5,3,0,16,18,14,10,13,5,1,2,29,28,22,25,17,11,8,9,26,20,21,23,17,7,9,10
"5",12031000700,207,181,169,308,299,232,114,97,198,186,224,282,314,232,105,221,44,30,38,58,47,16,8,17,34,48,49,47,43,24,18,30,3,5,13,7,7,6,3,3,5,8,7,4,8,3,2,0,8,4,3,2,0,0,0,1,8,8,3,6,3,3,0,0,4,6,8,14,13,4,3,1,8,5,9,4,7,6,3,1
"6",12031000800,45,34,189,184,136,98,50,50,42,38,192,144,111,95,56,156,3,11,15,21,13,4,3,1,13,11,7,17,15,5,1,6,0,0,3,2,0,3,0,4,0,0,8,2,0,1,1,1,0,0,2,4,3,1,0,1,1,0,4,2,1,0,2,3,4,4,10,11,7,5,2,2,2,2,19,12,4,2,1,5
"7",12031001000,4,46,180,229,197,102,62,95,0,6,25,45,45,30,37,164,63,212,464,396,357,120,62,82,49,70,86,113,99,57,88,248,0,4,5,4,1,1,0,1,0,1,0,0,1,1,1,2,0,0,13,9,11,4,7,2,4,2,0,0,2,3,4,1,0,2,17,20,9,1,4,6,1,2,3,3,2,1,0,11
"8",12031001100,25,11,30,50,91,71,29,21,14,25,20,43,50,42,21,36,102,148,97,129,158,76,41,20,95,167,108,103,114,60,30,28,1,3,1,2,1,0,0,0,2,0,1,1,3,4,0,0,3,4,2,5,7,4,0,0,3,3,6,3,1,4,1,1,0,5,18,10,7,1,1,2,4,6,4,6,4,0,0,0
"9",12031001200,11,21,20,80,81,91,39,22,11,16,30,30,48,57,34,44,137,147,118,164,183,122,54,32,134,174,88,148,148,92,38,43,2,2,1,1,3,0,2,1,3,5,2,2,3,1,0,1,8,5,1,2,8,5,1,1,4,2,1,5,6,2,1,1,6,11,12,5,3,5,2,0,7,5,3,2,5,0,2,2
"10",12031001300,15,17,13,20,26,20,23,29,13,20,12,18,23,34,19,49,481,395,194,200,274,145,90,86,466,424,349,285,317,221,168,163,0,0,0,3,0,0,0,1,0,0,3,1,1,1,1,1,11,1,0,4,4,3,1,4,6,8,2,5,2,0,0,3,14,1,6,2,4,2,2,0,3,5,9,2,6,2,1,4
"11",12031001400,57,60,44,71,100,95,60,110,42,44,52,67,85,72,72,233,443,454,225,258,275,161,100,82,404,428,306,317,375,232,153,165,1,0,0,0,2,2,0,0,0,2,0,1,4,0,0,1,6,5,10,4,6,7,0,1,8,6,7,5,6,9,1,2,6,13,3,6,6,3,3,2,6,5,4,5,9,2,3,3
"12",12031001500,0,4,2,1,0,3,1,2,2,0,3,2,3,1,0,1,425,373,225,240,248,174,114,170,406,383,360,289,305,200,173,391,0,0,0,0,0,0,0,0,0,0,0,0,0,0,0,0,6,2,2,0,2,2,1,0,2,5,1,2,2,3,3,1,8,0,3,3,1,3,2,0,5,1,11,6,0,1,3,2
"13",12031001600,4,0,0,4,4,0,1,0,3,1,3,1,1,0,0,1,162,120,59,69,74,64,51,50,148,153,140,132,108,87,69,122,0,0,0,0,0,0,0,0,0,1,0,0,1,0,0,0,2,4,1,1,1,0,1,0,7,2,1,0,2,1,1,1,3,1,0,1,2,1,0,0,1,1,1,0,1,0,2,0
"14",12031002101,120,113,246,281,218,156,71,94,114,111,251,233,220,169,88,152,35,34,38,45,36,12,4,4,36,30,43,47,35,17,2,6,1,2,5,4,1,0,0,1,2,2,6,3,3,1,2,1,7,5,9,5,5,3,1,2,3,6,9,6,5,5,1,1,4,5,13,11,6,1,2,0,4,3,8,6,5,3,2,1
"15",12031002102,101,95,208,238,184,132,60,79,96,94,212,197,186,143,75,129,30,29,32,38,31,10,4,3,30,26,36,39,29,15,2,5,1,2,5,3,1,0,0,0,1,2,5,3,3,1,2,1,6,5,7,5,4,3,1,1,3,5,7,5,5,5,1,0,3,5,11,10,5,1,1,0,3,3,7,5,4,2,1,0
"16",12031002200,216,186,300,438,356,268,134,185,203,180,304,386,372,273,173,340,9,5,3,12,5,5,1,3,10,6,8,15,4,4,2,1,3,2,5,3,4,2,0,0,2,0,7,2,1,1,0,1,6,4,9,9,6,1,1,1,12,1,2,13,6,2,1,2,6,4,10,18,5,2,0,1,13,12,15,16,8,2,2,3
"17",12031002300,77,95,80,126,143,116,57,129,70,61,89,112,161,116,69,214,0,0,2,5,0,2,0,0,1,0,1,2,1,1,1,0,1,0,2,0,0,0,0,0,2,0,1,1,0,0,0,0,1,2,3,2,1,0,1,0,3,3,4,2,2,0,2,1,2,2,4,3,0,3,2,0,1,3,4,3,2,2,1,1
"18",12031002400,113,134,52,130,184,120,66,114,112,115,65,127,191,124,90,183,0,0,1,3,0,0,0,0,0,0,0,0,0,1,0,0,0,0,1,4,0,0,0,0,1,1,2,1,1,0,0,0,5,4,0,3,3,0,1,0,3,2,2,1,3,1,0,1,3,4,0,3,1,1,2,0,2,2,1,2,1,1,0,1
"19",12031002501,147,119,165,251,216,142,89,128,120,112,184,202,186,144,99,326,136,140,69,94,76,40,18,13,132,133,123,119,112,56,22,23,3,9,5,5,7,6,2,1,6,6,5,5,11,4,4,2,8,12,6,5,7,2,0,2,12,10,9,7,6,5,1,2,16,9,7,12,8,4,1,2,15,11,12,12,8,6,4,2
"20",12031002502,134,107,150,228,195,129,80,115,109,101,166,183,168,131,89,296,124,126,63,85,69,36,16,11,119,120,112,108,102,51,20,21,3,8,4,5,7,5,2,0,6,6,4,4,10,4,3,1,7,10,6,4,7,2,0,1,10,9,9,7,5,4,0,2,14,8,7,10,7,3,1,1,14,10,10,11,8,6,3,2
"21",12031002600,16,16,17,32,25,19,19,16,14,18,23,23,31,15,23,35,417,465,178,189,225,141,76,87,384,442,263,352,279,171,139,162,0,1,1,1,1,2,0,0,0,0,0,1,1,2,0,0,11,5,1,1,2,1,2,0,5,6,5,2,8,0,2,3,6,5,6,1,2,0,2,1,10,5,6,6,5,2,0,2
"22",12031002701,27,36,32,46,49,56,50,37,39,32,34,37,45,58,48,72,291,313,156,178,186,117,72,59,243,311,182,255,223,135,77,111,1,1,2,1,1,1,0,0,2,0,1,1,1,0,0,0,4,3,2,1,2,3,0,1,2,3,2,0,2,0,2,0,8,6,0,3,3,3,0,3,6,6,4,5,2,0,3,1
"23",12031002702,71,81,66,85,114,74,61,73,64,80,63,84,104,84,76,121,283,287,150,162,175,97,33,28,268,296,216,228,244,108,41,35,1,1,2,1,2,2,0,1,1,2,3,2,3,0,0,1,9,3,2,2,6,3,4,1,7,9,1,2,5,3,3,2,7,10,6,7,7,1,0,1,8,8,6,4,3,5,1,0
"24",12031002801,2,0,0,0,2,0,2,3,1,2,2,2,2,0,2,2,394,453,315,287,299,243,236,193,379,439,331,354,392,400,348,339,0,0,0,0,0,0,0,0,0,0,0,0,0,0,0,0,2,2,2,4,3,2,1,0,2,2,3,1,1,4,1,3,1,2,2,2,0,2,1,2,1,2,2,0,1,3,1,2
"25",12031002802,3,5,2,2,0,3,1,2,0,2,2,3,6,2,2,2,327,449,275,284,269,179,183,210,355,391,312,340,344,250,247,442,0,0,0,1,0,0,0,0,0,0,0,0,0,0,0,0,9,8,1,3,3,2,2,0,8,2,3,3,1,1,4,2,4,3,2,5,2,1,0,0,4,5,2,5,2,0,1,0
"26",12031002901,3,1,1,2,1,0,2,1,1,2,2,5,3,1,1,0,388,415,237,234,266,154,129,166,424,398,308,321,299,187,203,395,0,0,1,0,0,1,0,0,0,1,1,0,0,0,0,0,4,1,1,0,1,1,1,1,2,2,0,1,0,1,1,5,1,2,0,0,0,3,0,1,5,1,2,3,3,1,1,0
"27",12031002902,3,0,4,6,3,3,0,0,4,3,6,2,6,3,0,0,322,323,224,229,302,197,126,178,290,353,230,266,336,203,147,376,0,0,0,0,0,0,0,0,0,0,0,0,0,0,0,0,5,0,1,4,2,0,0,2,9,0,1,2,3,1,1,1,3,1,2,1,2,3,1,2,1,3,5,0,4,3,1,2
"28",12031010101,212,260,203,304,272,189,146,72,250,255,186,309,264,194,145,151,2,0,1,2,1,1,6,4,1,3,5,0,0,4,1,19,0,0,0,0,0,0,0,0,0,3,1,0,0,1,2,0,5,5,4,4,6,3,0,1,2,5,1,8,6,1,3,1,3,5,3,2,3,2,1,1,4,3,2,0,1,2,0,0
"29",12031010102,305,295,224,355,445,294,198,93,282,331,240,349,411,313,179,112,0,2,0,2,5,4,0,0,1,2,2,5,3,3,0,0,1,1,0,1,2,0,0,0,1,2,1,1,1,1,0,0,3,4,2,3,4,4,3,0,3,5,0,4,6,4,3,0,4,10,3,10,4,3,0,1,4,4,9,5,11,3,0,3
"30",12031010103,157,191,150,207,315,239,137,105,146,190,125,201,287,209,129,123,1,4,5,3,7,4,9,4,3,4,7,1,5,4,1,7,0,2,0,1,4,0,0,0,0,2,0,1,4,1,1,0,3,3,1,1,6,3,0,1,1,4,3,2,3,4,1,1,7,7,8,7,8,2,2,1,3,4,3,7,4,0,1,1
"31",12031010201,317,296,263,344,325,259,187,127,307,334,277,296,342,283,199,183,5,4,4,1,1,1,0,0,4,3,1,2,1,2,0,0,0,0,2,0,1,2,1,0,3,1,3,1,2,4,1,0,7,6,3,7,5,5,3,2,9,6,7,6,5,7,4,2,13,8,8,10,6,7,4,1,6,5,9,3,2,3,2,1
"32",12031010202,163,210,162,202,221,166,125,89,149,185,163,202,239,178,146,126,1,1,1,1,2,0,1,0,1,0,1,2,2,2,0,1,0,0,1,1,0,1,2,0,0,0,2,2,3,3,1,0,1,5,2,3,2,1,1,2,5,2,4,1,4,3,0,1,4,9,4,5,9,4,1,2,2,5,5,7,3,8,3,3
"33",12031010301,146,195,167,228,242,196,127,80,137,145,146,217,216,192,125,94,18,72,104,89,87,32,8,1,14,33,47,67,53,15,8,5,0,2,0,0,1,0,0,0,0,2,1,0,3,1,0,0,4,3,3,3,2,2,2,1,1,5,5,5,2,3,2,1,1,5,2,6,2,1,2,1,3,2,2,6,6,3,0,2
"34",12031010303,84,115,111,130,110,87,63,61,82,98,97,121,100,90,59,101,202,194,111,169,155,90,43,21,176,224,137,247,217,103,30,37,1,1,0,4,2,3,0,0,3,0,4,2,4,1,2,3,11,8,2,8,7,3,0,0,7,3,4,6,5,1,1,1,5,2,5,5,0,7,2,0,8,4,4,4,2,0,1,0
"35",12031010304,26,21,31,28,33,32,35,28,15,28,24,28,35,34,31,45,637,621,332,410,483,265,101,74,551,637,471,597,637,312,109,139,0,0,3,2,2,1,1,0,1,0,0,0,4,1,3,0,12,5,4,5,3,1,0,0,14,8,7,4,2,2,0,3,11,12,13,8,8,7,2,2,13,12,10,12,7,4,2,2
"36",12031010401,113,107,123,118,119,104,81,67,83,114,106,115,133,102,108,108,195,149,101,97,71,38,16,7,199,147,175,153,109,54,19,12,2,3,2,3,3,0,0,0,1,1,0,4,1,1,1,0,3,6,2,4,5,4,0,1,6,3,3,3,4,5,1,0,7,6,6,6,3,3,1,1,5,5,6,9,3,3,3,3
"37",12031010402,151,143,165,159,160,140,109,89,112,153,142,154,179,136,145,145,261,199,134,129,96,51,21,10,267,196,235,204,146,73,26,16,2,4,3,3,3,1,1,0,1,2,0,5,2,2,2,1,5,9,3,6,7,5,0,1,7,5,3,4,5,7,1,1,9,9,8,8,5,3,1,2,7,7,9,11,4,5,3,3
"38",12031010500,333,354,307,405,408,378,238,177,314,307,277,392,395,367,238,260,189,237,140,193,180,70,38,31,168,207,140,243,214,99,30,64,0,0,3,2,0,1,3,0,0,0,1,6,1,8,3,1,9,9,3,4,7,7,4,3,14,7,9,6,5,5,3,3,6,4,8,9,4,5,4,2,5,1,5,4,8,7,3,0
"39",12031010600,322,349,246,352,421,279,180,117,287,355,246,380,356,294,168,158,21,25,16,20,23,13,13,7,22,15,15,17,25,18,16,13,1,0,0,1,1,0,0,1,1,0,1,2,1,1,2,3,6,2,1,2,8,3,1,3,4,4,3,1,6,4,3,2,5,5,12,4,2,3,2,2,10,6,3,2,4,7,3,0
"40",12031010700,32,30,25,46,46,33,21,13,35,35,27,45,32,24,17,26,294,489,247,288,336,300,277,184,300,448,248,326,446,409,385,295,0,0,0,1,0,0,0,0,2,0,0,1,1,1,0,0,7,8,0,5,1,1,1,1,12,8,3,4,4,4,2,1,5,3,2,6,9,3,3,0,1,6,3,3,5,4,1,3
"41",12031010800,14,11,24,15,24,21,16,21,19,13,22,15,21,20,24,28,367,477,276,297,301,328,214,136,329,441,267,344,450,468,329,278,0,0,0,0,0,0,0,0,0,0,1,2,0,0,0,1,3,4,2,3,4,0,1,0,4,2,5,0,1,3,0,3,5,3,2,2,0,1,1,4,2,8,0,2,4,4,1,1
"42",12031010900,26,38,30,35,46,37,29,49,31,23,27,32,48,54,38,48,188,253,142,163,195,208,121,53,172,252,148,187,256,266,144,75,0,0,0,0,0,0,0,0,0,0,0,0,0,0,0,0,2,2,2,0,1,2,1,0,3,1,0,0,1,2,2,0,0,2,2,2,1,1,0,1,0,2,0,2,1,1,1,0
"43",12031011000,106,91,70,134,117,98,101,95,86,70,93,111,117,121,110,161,210,268,132,156,158,117,51,21,213,257,153,216,237,150,54,28,0,1,0,0,1,0,0,0,2,0,1,1,1,1,2,1,7,2,1,3,5,1,0,1,8,5,3,0,3,3,4,1,1,4,1,1,3,2,0,3,2,5,1,1,5,0,2,1
"44",12031011100,33,36,44,51,75,56,54,87,36,32,43,41,62,62,57,164,233,276,127,124,174,87,59,19,205,276,193,193,263,131,54,37,1,0,2,1,1,3,0,0,1,3,1,1,2,2,0,2,3,3,0,3,1,1,2,4,4,0,5,1,6,1,0,2,6,2,3,1,2,1,2,0,1,1,4,2,4,2,1,0
"45",12031011200,4,4,5,8,11,9,10,24,8,6,5,3,12,12,13,47,158,258,180,156,188,215,99,68,185,248,172,182,270,294,139,125,0,0,0,0,0,0,0,0,0,0,0,0,0,0,0,0,1,0,1,0,3,0,1,0,3,1,2,1,1,1,0,2,4,1,1,0,1,0,1,1,4,1,1,1,0,1,1,2
"46",12031011300,0,0,1,0,0,1,3,7,0,1,3,1,2,5,2,7,341,303,190,142,159,166,119,80,349,309,267,217,269,231,182,121,1,4,1,0,3,0,0,0,0,0,0,0,1,0,0,0,0,2,1,0,1,2,1,0,1,2,4,2,2,0,2,2,0,2,4,0,1,1,0,3,2,1,2,0,0,2,1,2
"47",12031011400,0,0,0,3,4,0,0,1,0,0,0,3,2,2,3,1,127,173,106,152,155,93,171,150,109,155,93,137,176,136,274,268,0,0,0,0,0,0,0,0,0,0,0,0,0,1,0,0,3,1,2,0,0,2,3,1,1,1,1,1,0,0,4,2,2,1,0,2,1,1,0,1,4,2,2,1,3,0,0,1
"48",12031011500,6,7,7,6,10,4,6,15,7,7,5,8,12,10,2,15,436,477,215,193,230,162,118,170,419,410,308,306,331,212,163,259,0,0,0,0,0,0,0,0,0,1,1,0,1,0,0,0,6,3,2,1,3,1,1,0,5,2,1,2,4,2,1,2,8,1,1,1,0,1,2,0,4,7,3,3,2,1,2,1
"49",12031011600,0,1,1,3,6,1,2,0,2,1,1,5,3,1,1,0,285,347,177,186,262,123,168,244,302,314,229,249,291,216,324,449,0,0,0,1,0,0,0,0,0,0,0,0,0,1,0,0,2,2,2,4,4,5,1,0,2,3,1,0,4,1,3,1,2,2,0,0,2,0,1,0,3,3,3,1,3,1,1,1
"50",12031011700,159,156,126,179,171,126,104,71,170,150,136,166,152,135,94,94,58,50,20,37,33,8,2,2,69,48,41,38,23,9,1,3,1,0,3,3,1,0,1,0,1,2,2,2,0,0,1,0,8,3,3,3,6,0,0,2,7,2,3,5,4,2,0,1,1,1,2,3,4,1,0,0,0,1,2,3,1,4,0,2
"51",12031011800,119,114,116,173,165,124,95,87,123,102,118,142,123,139,108,160,96,120,68,70,77,26,15,8,101,120,70,97,107,37,8,13,0,1,1,4,1,2,1,0,1,4,2,2,0,0,2,0,7,6,4,4,4,3,1,2,10,3,5,2,5,2,3,1,5,9,5,6,7,3,2,0,10,6,8,11,1,5,2,0
"52",12031011901,458,484,372,493,514,344,219,148,422,442,377,467,476,337,217,208,42,41,22,33,34,21,4,5,27,45,18,41,31,10,6,7,4,5,6,3,4,4,1,1,1,7,3,5,11,5,0,1,7,15,7,10,7,7,4,1,12,11,4,5,17,9,2,2,10,16,16,11,10,5,1,1,20,7,11,13,14,5,1,2
"53",12031011902,418,418,364,410,441,342,158,102,402,441,359,448,462,329,175,189,53,77,42,68,67,35,13,8,80,90,45,92,78,29,15,15,12,12,11,10,11,10,6,2,13,9,15,16,15,21,8,7,23,15,11,8,6,3,2,1,11,21,7,5,7,4,2,3,17,17,4,11,17,0,5,3,10,24,5,14,11,7,3,3
"54",12031011903,277,344,228,297,312,248,135,93,246,311,221,314,351,251,131,114,49,59,25,55,52,25,12,1,49,63,36,62,65,28,7,6,7,12,16,14,7,14,13,1,9,12,18,16,13,24,8,5,5,8,6,3,7,6,1,1,12,11,1,5,5,5,4,3,15,17,11,13,9,7,6,0,5,29,4,9,12,7,4,1
"55",12031012000,187,247,184,208,265,212,160,159,168,205,192,219,251,244,211,228,129,110,38,44,40,19,5,3,139,118,85,74,57,31,10,5,1,3,5,6,5,5,5,4,6,5,2,8,2,4,6,5,18,14,2,6,5,0,4,1,11,6,7,3,5,4,2,4,17,13,11,8,7,4,10,0,16,11,11,13,13,8,5,2
"56",12031012100,72,75,86,78,124,81,58,58,77,67,81,73,102,69,65,87,41,30,26,30,20,10,3,2,45,35,32,31,13,13,9,5,4,4,4,4,3,2,1,1,4,3,3,3,3,2,3,1,4,5,2,2,1,0,3,0,2,3,1,1,2,1,0,1,7,0,1,4,1,2,1,0,2,2,1,4,2,2,0,0
"57",12031012200,265,260,281,332,344,241,142,213,272,232,319,310,341,251,201,378,267,165,107,139,56,30,14,9,289,207,278,155,120,36,21,13,33,26,29,25,16,16,11,10,27,28,30,24,28,17,7,9,19,20,17,17,9,7,5,6,24,26,11,24,12,5,8,7,29,26,31,23,18,10,3,3,37,20,28,28,19,11,7,5
"58",12031012300,169,161,207,242,265,138,111,167,161,163,210,202,226,155,125,248,39,58,45,56,38,9,15,7,54,55,59,43,50,17,12,7,1,2,5,4,2,2,0,3,1,2,4,3,1,4,2,0,8,8,11,10,3,3,6,3,5,6,5,7,5,2,5,0,14,9,11,15,6,6,1,2,16,10,11,17,9,6,3,3
"59",12031012400,172,159,171,214,228,151,89,137,165,160,167,206,198,170,95,246,16,14,9,16,14,3,2,0,18,15,12,11,8,4,2,3,3,6,2,1,4,2,2,1,1,6,4,6,5,3,1,0,5,5,1,1,7,10,1,0,6,4,8,3,4,1,2,2,6,5,7,7,5,1,6,1,6,10,7,4,6,4,5,2
"60",12031012500,141,159,148,167,203,145,101,214,129,147,155,153,206,157,119,306,164,112,111,101,65,19,9,11,199,123,194,145,104,36,21,29,11,8,12,16,7,9,7,1,5,9,5,12,9,6,8,6,24,17,13,10,7,5,3,1,21,19,11,16,10,10,4,0,15,10,26,14,3,5,0,0,25,12,24,12,6,5,1,3
"61",12031012601,82,99,138,103,122,100,90,89,88,124,130,116,124,112,100,110,128,104,207,137,54,16,10,5,164,111,228,160,82,38,10,11,0,2,1,1,3,3,3,0,1,1,6,0,4,1,1,0,10,3,4,4,3,6,1,0,13,9,7,4,2,0,0,3,23,11,16,14,8,5,1,1,12,11,27,7,8,7,2,1
"62",12031012602,130,157,114,175,207,188,123,156,130,168,107,172,193,194,153,185,237,265,151,173,131,72,46,11,247,279,176,215,177,109,46,28,8,7,13,11,9,10,1,3,7,12,8,6,12,12,4,2,16,10,5,10,2,7,3,2,14,12,7,8,7,8,1,3,8,11,17,9,8,5,3,2,19,11,14,11,15,3,4,6
"63",12031012702,244,233,228,289,238,126,91,71,242,239,236,272,225,147,114,116,77,68,36,52,42,12,4,1,105,42,77,64,41,11,5,3,4,10,6,7,10,5,2,0,7,8,9,11,15,7,1,4,21,13,8,4,5,4,2,2,15,17,9,7,5,8,2,1,24,17,20,16,10,10,5,3,22,14,13,10,12,11,5,4
"64",12031012703,200,240,191,262,244,173,123,92,211,226,195,263,250,192,139,128,179,146,113,119,94,42,9,7,152,162,132,166,105,47,19,18,14,19,15,21,18,21,10,4,13,23,20,19,34,15,15,7,26,16,5,8,7,5,2,1,32,14,10,7,5,2,0,3,28,35,28,24,25,10,4,1,39,30,21,30,25,12,7,7
"65",12031012704,131,156,124,171,160,113,81,60,138,148,127,172,163,126,91,84,117,96,74,78,61,28,6,4,99,105,86,109,69,31,13,12,9,13,10,14,11,13,6,3,8,15,13,13,22,9,9,4,17,11,4,6,5,3,1,1,21,9,6,4,3,1,0,2,18,23,18,15,17,6,2,0,26,19,13,20,17,8,4,4
"66",12031012800,280,264,235,297,249,218,157,161,214,260,234,248,306,252,202,230,255,310,151,211,149,84,33,23,233,330,166,261,198,96,41,33,22,41,50,29,21,33,27,18,25,37,27,32,41,50,37,21,37,32,10,10,10,5,2,3,28,19,10,12,6,4,8,2,22,43,35,22,20,11,8,10,27,51,31,25,38,16,15,10
"67",12031012900,136,140,87,149,164,101,79,144,120,126,115,129,154,126,108,187,44,58,22,30,29,6,7,3,44,55,29,39,34,10,3,4,2,2,6,6,3,3,1,1,6,2,9,4,6,5,2,1,5,7,3,2,2,0,1,1,2,2,6,5,2,3,1,1,8,15,11,6,4,4,3,3,7,11,9,3,8,5,3,2
"68",12031013000,180,194,50,146,193,173,116,187,178,176,54,162,217,192,138,214,0,1,0,0,0,1,0,0,0,0,0,1,1,0,0,1,1,0,0,1,0,0,1,0,0,0,0,2,0,2,1,0,1,2,2,0,2,2,0,0,1,0,2,0,1,2,0,1,6,3,1,4,3,1,3,0,3,2,0,2,3,0,2,1
"69",12031013100,125,136,114,146,164,105,64,109,123,138,108,146,177,122,91,214,34,37,43,27,17,11,4,0,25,21,31,29,16,12,1,0,2,2,1,0,1,4,1,0,2,4,2,2,6,1,1,0,5,6,5,1,6,1,2,1,5,3,1,1,2,2,0,0,7,2,6,8,7,3,1,2,13,2,6,7,2,4,2,0
"70",12031013200,155,184,466,168,58,22,11,17,151,84,158,101,40,17,13,20,78,69,164,63,11,0,1,0,89,54,93,56,7,1,0,0,8,7,21,6,1,1,1,0,3,5,8,8,2,2,2,1,11,8,26,3,1,0,0,0,17,5,9,3,0,1,0,0,23,35,100,23,5,1,0,0,45,24,39,16,3,1,0,0
"71",12031013300,238,196,296,335,261,179,118,121,236,194,311,295,265,199,143,176,176,140,86,87,61,19,5,5,180,151,137,151,77,22,5,4,15,10,16,14,11,8,5,1,10,8,15,17,12,6,7,3,19,18,9,9,7,4,2,0,12,15,9,12,12,5,2,0,28,28,35,27,14,7,4,0,31,23,25,22,11,11,6,3
"72",12031013402,279,246,279,304,325,201,121,121,275,219,298,285,312,241,143,193,119,112,87,78,62,16,8,3,122,118,108,107,83,24,14,7,2,2,13,9,3,7,4,2,5,6,10,3,8,15,5,9,36,19,20,7,7,3,2,1,23,13,12,14,7,6,3,1,36,31,39,34,11,8,1,6,34,31,21,34,19,11,6,6
"73",12031013403,116,129,168,138,173,145,81,91,106,125,156,127,160,139,98,126,81,62,79,58,30,16,7,2,86,74,91,76,57,23,6,4,6,8,9,7,8,11,7,2,5,2,15,9,13,15,7,3,8,13,7,7,4,5,0,2,11,11,15,8,3,5,2,3,26,13,29,15,8,10,1,2,16,15,22,9,8,7,4,2
"74",12031013404,131,145,188,154,195,162,90,103,118,141,176,143,179,155,110,142,90,70,89,66,34,19,7,3,97,84,102,86,65,26,6,4,7,10,11,7,10,12,8,3,6,3,16,11,14,17,7,3,10,15,7,7,4,6,0,3,12,13,16,10,4,6,2,3,29,14,33,16,9,11,2,3,17,16,24,10,9,8,4,3
"75",12031013502,165,172,144,213,175,95,42,16,168,131,144,199,158,82,41,37,152,141,69,142,90,23,9,1,123,136,80,176,95,25,8,5,7,18,9,14,11,8,3,1,17,9,16,21,33,13,4,6,18,11,3,7,8,3,1,1,8,8,8,4,6,3,2,0,20,25,11,18,17,3,1,2,18,21,14,20,14,7,1,1
"76",12031013503,291,286,295,394,374,260,160,101,302,286,308,367,417,269,170,162,122,139,89,140,85,27,11,4,139,141,116,149,101,37,16,7,15,26,27,18,31,16,9,6,12,25,26,27,37,29,18,8,28,33,13,12,11,5,5,1,33,15,11,17,13,7,3,6,30,43,30,33,19,11,10,4,37,30,28,41,22,14,10,7
"77",12031013504,223,240,230,276,247,206,137,112,195,225,202,277,262,219,166,118,193,214,142,164,129,67,33,8,169,201,166,172,155,72,25,17,36,31,32,23,48,38,16,8,22,36,26,44,53,43,26,14,27,12,10,7,8,4,4,0,29,19,10,12,7,7,1,1,29,28,35,40,23,11,7,5,30,37,20,30,26,12,13,9
"78",12031013521,338,248,374,359,275,218,137,163,282,269,390,304,311,245,210,275,208,145,123,130,74,27,18,17,220,148,187,153,91,40,24,29,4,7,12,9,8,7,2,4,7,8,8,9,11,9,2,2,28,19,16,9,8,4,2,2,25,14,18,20,10,8,2,2,51,38,47,42,16,9,6,5,53,43,43,40,20,7,5,10
"79",12031013522,62,73,101,94,101,56,41,33,72,84,88,95,97,56,30,46,20,20,13,26,15,8,2,3,17,20,12,25,15,5,4,2,4,5,5,3,3,2,1,2,2,1,8,4,6,3,3,1,3,1,3,2,0,1,0,0,9,1,3,3,2,1,0,0,1,6,3,9,3,4,1,2,3,3,8,5,3,7,3,3
"80",12031013721,237,190,199,248,184,151,80,60,233,204,215,222,178,150,80,82,12,9,9,7,9,7,3,0,13,7,13,5,7,9,2,1,1,1,4,1,1,2,0,0,1,1,5,1,1,2,1,0,3,5,1,4,5,2,0,0,5,3,4,2,4,3,0,1,27,8,8,4,1,4,1,0,20,9,8,8,2,4,1,2
"81",12031013723,235,189,177,227,201,150,70,37,192,157,199,228,192,147,77,57,47,50,29,45,29,13,5,1,56,46,32,49,40,10,2,2,5,4,2,8,3,2,6,0,3,7,5,6,8,3,1,1,12,15,3,5,3,1,0,1,11,4,4,8,4,2,2,0,22,18,16,8,8,2,2,3,16,18,4,15,7,5,3,3
"82",12031013726,414,332,264,474,391,242,116,90,384,333,288,474,394,245,133,104,90,112,42,101,96,31,10,4,94,93,49,115,94,32,8,6,15,22,21,24,26,27,10,3,20,25,14,34,45,28,8,4,31,18,10,16,9,2,1,1,33,16,9,14,12,2,2,2,27,32,18,30,22,9,5,3,29,38,20,35,28,9,8,5
"83",12031013727,423,340,270,484,400,247,119,91,392,341,295,484,402,251,136,107,91,115,43,104,98,31,10,5,96,95,51,118,96,33,8,7,16,23,21,24,26,28,10,4,21,25,15,35,46,28,9,5,32,18,10,17,10,2,2,1,33,16,10,15,13,3,3,2,28,33,19,30,22,9,6,3,30,38,21,36,29,10,9,5
"84",12031013800,280,329,1090,353,85,20,9,9,268,151,251,205,72,20,10,11,71,154,523,149,17,0,2,2,77,80,150,71,7,2,1,4,7,23,65,14,4,0,0,0,9,10,7,10,7,0,0,1,18,23,71,19,3,0,0,0,27,7,17,13,1,1,0,0,52,88,242,45,12,0,0,0,54,35,61,28,6,2,0,0
"85",12031013901,301,255,398,311,233,133,47,22,271,242,318,283,189,122,48,36,141,143,119,131,57,10,7,7,146,139,99,133,47,13,9,10,4,19,15,5,14,12,3,0,7,8,13,16,22,19,4,1,35,34,36,25,10,7,2,0,49,42,25,17,16,12,2,0,49,45,60,37,28,7,4,6,54,38,47,33,22,7,3,4
"86",12031013902,190,196,268,280,220,110,93,30,171,187,218,250,214,140,94,68,138,141,77,102,86,58,40,31,118,180,88,135,102,77,50,40,7,10,10,8,9,12,10,4,6,7,18,15,22,25,9,2,22,14,11,11,4,5,3,2,26,21,9,15,5,3,2,1,30,45,33,34,25,8,5,5,34,26,34,27,16,15,7,3
"87",12031013904,321,285,437,421,251,138,91,52,339,226,418,334,222,164,70,64,139,91,139,124,55,9,5,1,151,122,150,102,59,11,7,4,5,6,14,7,5,9,7,3,9,6,21,24,12,14,6,2,54,26,33,27,18,5,3,0,51,34,31,23,20,7,3,1,61,47,76,44,18,10,6,2,59,44,51,35,19,12,6,4
"88",12031013905,223,217,176,283,368,273,158,282,197,177,154,292,388,299,186,400,13,16,12,18,14,7,1,3,13,17,6,14,14,6,3,1,3,2,3,3,4,2,2,1,5,3,6,8,1,5,1,1,4,3,4,1,5,1,1,0,5,4,3,3,3,3,0,2,10,4,7,15,9,3,0,1,13,9,7,11,10,4,3,4
"89",12031013906,229,222,180,291,378,280,162,289,201,182,158,300,398,307,190,411,14,16,13,19,14,8,2,3,14,18,7,15,14,6,3,2,4,2,4,4,4,3,2,2,5,4,6,8,2,5,2,1,4,4,4,2,5,1,1,0,6,5,3,4,3,4,0,2,11,5,8,15,9,3,0,2,13,9,8,11,11,5,4,4
"90",12031014001,220,301,333,372,427,311,157,167,196,244,269,322,455,305,169,250,3,2,5,3,6,4,1,0,1,0,2,1,3,4,1,0,5,2,5,3,1,3,3,1,2,3,6,8,1,5,4,0,7,8,5,8,4,3,0,2,7,5,6,6,8,5,1,1,9,10,10,10,6,4,3,1,5,3,11,10,8,3,3,2
"91",12031014002,117,159,176,196,226,164,83,89,104,129,142,171,240,161,90,132,2,1,3,1,3,2,0,0,0,0,1,1,1,2,0,0,2,1,2,2,0,1,1,0,1,1,3,4,1,2,2,0,3,4,3,4,2,1,0,1,4,2,3,3,4,2,0,0,5,5,6,6,3,2,1,1,3,2,6,5,4,2,1,1
"92",12031014101,243,357,214,315,444,264,145,152,207,302,173,324,444,262,204,213,3,7,5,6,4,1,0,0,2,2,0,1,4,1,0,0,0,1,2,2,2,2,2,1,0,3,2,6,4,4,2,2,9,3,0,6,4,3,3,0,14,9,5,9,7,3,1,2,6,15,15,8,10,5,3,1,7,8,4,8,11,5,7,2
"93",12031014102,129,159,428,399,307,210,95,140,127,158,304,307,232,176,124,183,3,3,8,6,4,1,1,0,3,0,5,3,2,1,1,1,1,2,3,9,0,5,3,0,3,3,5,7,4,6,4,5,8,2,5,5,4,2,0,0,5,1,11,2,9,3,1,4,7,5,39,16,6,3,1,4,6,2,18,9,5,7,2,5
"94",12031014202,95,97,317,305,289,194,89,135,108,87,227,251,222,184,99,269,59,61,25,35,24,19,15,21,53,65,27,47,39,25,26,31,1,0,10,3,2,2,2,1,3,6,6,3,4,6,1,1,8,2,4,8,4,2,2,1,5,0,7,2,6,3,0,5,11,3,16,10,7,1,6,1,10,7,17,10,7,7,4,3
"95",12031014203,181,180,275,347,346,271,135,140,173,174,250,331,362,270,142,244,11,11,10,13,10,9,4,5,13,13,13,13,13,8,8,11,4,4,13,10,3,8,3,1,2,2,12,6,6,10,5,3,7,4,9,4,4,5,3,2,8,4,10,5,4,1,3,0,11,7,10,11,9,6,2,1,10,12,12,11,10,8,4,2
"96",12031014204,197,196,299,376,375,294,146,151,187,188,271,360,392,294,155,264,12,12,11,14,11,10,5,6,14,15,14,14,15,8,9,11,5,5,14,10,3,9,4,2,3,3,13,7,6,10,5,4,7,5,9,4,5,6,3,2,9,4,10,5,4,1,3,1,11,7,11,11,10,7,3,2,10,12,12,11,11,8,4,2
"97",12031014311,238,233,225,308,283,179,127,94,209,237,226,293,235,192,154,121,80,51,79,52,32,7,3,2,74,42,112,58,25,14,2,3,5,4,8,7,5,6,3,1,2,4,13,7,8,9,8,4,15,21,10,11,6,8,1,2,18,16,14,9,5,6,4,3,21,17,19,25,19,4,5,1,24,24,26,15,10,4,7,0
"98",12031014312,161,182,216,231,218,137,73,36,178,139,211,216,207,142,88,53,71,89,46,77,46,10,5,2,76,69,57,89,54,20,8,5,30,11,19,25,13,14,5,4,35,11,25,32,20,24,7,6,11,10,11,9,6,1,3,0,18,16,9,7,8,3,2,0,43,25,22,29,25,5,5,2,24,24,31,33,16,14,8,5
"99",12031014326,479,366,270,556,460,299,132,80,441,367,265,575,459,299,129,109,63,67,27,75,59,25,6,3,59,72,39,83,64,26,5,3,32,57,36,43,40,25,15,4,40,38,28,61,63,34,13,16,20,32,2,12,8,4,3,1,26,21,13,15,9,4,2,0,40,38,13,30,24,13,5,3,34,31,15,49,27,19,9,6
"100",12031014328,246,246,192,292,330,207,117,73,221,230,207,301,370,225,120,91,61,72,40,71,59,26,11,3,54,61,40,86,70,30,8,8,14,24,22,15,16,24,6,4,7,21,14,25,21,28,14,4,14,16,3,8,5,1,2,1,8,13,11,10,6,3,1,0,17,23,13,20,9,12,2,1,23,16,16,29,18,8,4,3
"101",12031014329,249,239,148,272,300,246,115,57,257,221,157,296,298,234,95,68,76,67,35,50,32,11,4,1,68,61,40,65,32,15,2,2,19,18,14,14,16,15,5,2,15,19,14,26,26,22,8,2,20,12,7,6,3,2,2,1,20,8,10,7,6,7,0,0,24,31,14,22,19,6,2,2,22,26,10,29,15,8,4,1
"102",12031014330,252,242,149,275,304,250,116,57,261,224,159,300,301,237,96,68,76,68,35,50,32,12,5,2,69,61,40,65,33,16,2,3,19,18,15,14,16,16,5,2,16,20,14,26,27,23,9,2,20,13,7,7,4,2,3,2,21,9,11,8,7,7,0,0,25,31,15,22,19,7,3,3,22,27,10,29,15,8,5,1
"103",12031014331,368,248,346,477,361,236,121,97,358,279,346,489,372,263,123,124,31,30,31,45,31,10,4,1,31,29,27,46,26,7,3,2,12,17,16,19,18,11,7,2,14,13,14,23,29,10,6,4,31,13,9,11,10,4,2,1,26,18,8,13,7,4,1,2,40,31,28,33,18,9,4,1,42,28,33,35,18,9,6,5
"104",12031014332,429,288,403,556,420,274,140,114,418,326,403,569,433,307,143,145,37,35,37,53,36,11,4,2,37,34,31,54,31,9,4,2,15,20,19,22,20,12,8,2,16,16,17,27,33,12,8,5,36,16,10,12,12,5,3,1,31,20,10,16,9,5,1,2,47,36,32,39,21,11,4,2,50,32,39,40,22,11,8,6
"105",12031014333,182,155,139,209,182,157,82,68,168,153,149,225,204,157,96,82,62,50,37,57,34,14,8,2,60,44,43,81,44,23,4,4,8,13,13,8,9,10,6,1,7,14,10,13,15,12,6,4,14,10,5,6,4,2,2,0,14,10,5,6,6,3,1,1,16,14,10,19,11,3,1,1,17,16,12,20,12,6,4,2
"106",12031014334,269,229,205,310,271,232,122,102,250,227,222,334,302,234,143,122,92,73,55,84,50,22,11,3,90,66,64,120,65,34,6,6,12,20,19,12,14,16,9,2,10,20,16,20,23,17,8,6,21,15,7,9,5,4,3,0,21,14,7,10,10,5,2,2,24,21,15,29,16,5,2,1,26,24,17,29,17,9,6,3
"107",12031014335,327,282,172,401,313,168,51,36,304,248,197,435,294,145,61,51,100,105,28,134,79,21,4,3,83,110,40,148,69,18,8,5,33,46,25,34,46,19,6,7,26,46,35,42,72,21,11,9,21,24,8,8,9,2,0,0,25,22,7,8,7,4,0,0,37,47,17,44,29,13,7,4,42,36,19,50,28,13,11,5
"108",12031014336,317,274,167,390,305,164,50,35,295,241,192,423,286,142,60,50,97,102,28,130,76,20,3,3,81,107,39,143,67,18,7,5,32,44,25,33,45,19,5,7,26,44,34,41,70,20,10,9,20,24,7,7,9,1,0,0,25,22,7,8,6,3,0,0,36,45,17,43,29,13,6,3,41,35,18,49,28,13,10,4
"109",12031014337,227,157,241,261,201,107,61,32,194,149,250,249,191,143,69,47,119,105,87,122,51,17,8,2,126,111,109,122,75,29,8,7,30,33,38,38,37,32,14,8,36,38,38,54,44,41,20,11,24,20,14,15,8,7,3,3,35,19,15,12,7,7,2,4,35,39,34,40,25,8,3,5,44,31,38,31,27,17,10,7
"110",12031014338,237,164,251,272,210,112,64,33,202,155,261,260,199,149,72,49,124,109,91,127,53,17,8,2,131,115,113,127,78,30,8,7,31,35,40,39,38,34,14,8,38,39,39,56,46,42,21,11,25,21,14,16,8,7,3,3,37,20,15,12,7,7,2,4,37,41,36,41,26,8,3,5,46,33,40,32,28,18,10,7
"111",12031014401,329,278,448,505,397,251,124,123,277,275,491,444,380,235,172,190,80,61,46,67,40,23,7,1,75,56,66,66,55,18,6,2,15,10,31,23,5,7,2,2,17,12,33,35,10,8,5,3,39,11,11,25,9,3,6,4,29,12,13,12,10,5,4,4,44,25,35,37,21,14,6,3,36,22,44,34,22,19,8,5
"112",12031014404,291,473,834,436,220,147,55,40,300,574,835,387,209,144,69,48,101,65,118,102,29,11,4,1,93,104,148,91,32,12,6,2,17,27,41,34,23,3,6,3,19,39,35,43,26,14,7,7,26,15,26,14,6,2,1,0,29,18,25,14,6,1,3,0,38,48,97,46,21,10,6,4,40,54,66,53,14,15,8,2
"113",12031014406,130,198,43,94,186,206,122,153,155,174,33,130,213,219,137,185,3,4,1,3,7,2,0,1,1,2,2,2,5,2,0,1,1,3,5,3,7,9,5,1,6,7,4,6,11,8,3,2,3,1,0,1,0,2,1,1,8,7,1,2,3,3,0,1,9,11,1,6,8,7,7,6,11,7,2,6,7,8,8,2
"114",12031014408,240,143,330,350,256,220,106,144,232,147,333,342,267,214,96,209,26,18,24,27,17,7,2,1,20,15,27,32,17,9,2,0,14,7,22,19,8,6,3,1,12,9,19,20,12,8,2,2,10,4,11,6,3,2,1,2,11,6,9,6,4,3,0,2,15,12,23,20,11,4,1,1,18,11,19,19,11,5,4,3
"115",12031014409,378,225,521,552,403,346,167,227,366,232,525,539,421,337,151,330,41,28,37,42,26,11,3,1,31,23,43,51,27,14,3,0,22,11,34,29,13,10,5,1,20,14,31,32,18,13,3,3,16,7,17,10,5,3,1,3,18,10,14,9,7,5,0,3,23,19,36,31,17,6,1,1,28,17,30,30,17,8,6,5
"116",12031014410,285,170,393,416,304,261,126,171,276,175,395,406,317,254,114,249,31,21,28,32,20,8,2,1,23,18,32,38,20,10,2,0,16,8,26,22,10,8,4,1,15,11,23,24,14,10,3,2,12,5,13,8,4,2,1,2,14,8,11,7,5,4,0,3,18,14,27,24,13,5,1,1,21,13,22,22,13,6,4,3
"117",12031014411,216,148,361,336,262,203,74,48,195,135,362,311,244,195,83,65,40,30,39,54,34,16,8,5,30,33,39,51,39,23,10,10,30,19,31,49,25,11,5,2,29,15,45,42,21,12,5,4,12,7,7,10,8,3,1,0,11,8,6,10,5,2,0,1,21,14,23,27,12,7,5,2,17,11,21,22,14,11,3,2
"118",12031014412,84,57,140,130,102,79,29,19,76,53,140,120,94,76,32,25,15,12,15,21,13,6,3,2,12,13,15,20,15,9,4,4,12,7,12,19,10,4,2,1,11,6,17,16,8,5,2,2,5,3,3,4,3,1,1,0,4,3,2,4,2,1,0,0,8,6,9,10,5,3,2,1,7,4,8,9,5,4,1,1
"119",12031014413,287,196,479,445,348,269,99,64,259,179,480,412,323,258,110,86,53,40,51,72,45,22,10,7,40,44,51,68,52,30,13,14,40,25,41,65,33,15,7,3,38,20,59,56,28,17,6,5,16,9,9,14,10,3,2,0,15,11,8,14,7,2,0,1,28,19,31,35,16,10,6,2,23,14,28,30,18,14,4,3
"120",12031014500,181,203,186,266,264,169,110,107,172,160,198,235,215,206,120,179,80,70,39,63,26,7,7,1,78,54,69,85,38,19,9,3,12,13,8,13,11,5,2,1,7,10,6,20,11,6,3,0,9,3,4,13,4,6,4,3,12,8,9,11,5,9,0,2,30,19,19,24,19,2,3,3,28,19,24,25,17,5,5,1
"121",12031014601,321,406,166,326,481,420,263,174,320,388,147,396,549,405,217,201,23,31,11,18,32,20,7,3,22,30,20,20,25,22,7,9,3,13,6,4,13,15,3,3,6,9,6,9,20,11,3,6,8,11,3,3,6,6,0,1,6,9,3,6,5,4,1,1,11,23,8,10,17,10,4,3,14,19,6,12,14,14,8,6
"122",12031014603,142,142,332,283,202,145,102,124,169,159,297,229,204,172,120,248,88,63,106,106,49,23,12,8,64,66,120,116,72,28,14,11,9,8,17,8,10,2,3,2,7,11,20,11,16,4,5,1,20,8,12,7,5,4,1,1,19,11,16,8,8,4,1,2,22,21,36,25,18,6,3,3,24,16,31,24,18,6,6,5
"123",12031014604,122,122,289,245,175,126,89,108,145,137,258,197,176,149,104,217,75,53,92,91,42,20,11,7,54,56,104,99,61,24,12,9,8,7,15,7,9,2,3,2,6,9,18,9,14,4,4,0,17,7,10,6,5,4,0,0,16,10,14,7,7,3,1,1,19,18,31,22,16,5,3,2,21,14,27,21,15,5,5,4
"124",12031014701,192,251,244,265,276,280,169,107,192,254,256,265,342,298,134,144,244,155,237,209,128,52,19,14,216,172,343,248,141,77,15,14,9,7,9,7,7,10,8,1,9,10,13,13,14,16,3,2,25,15,12,13,9,2,3,1,13,18,11,13,5,7,4,2,30,21,20,29,19,10,5,0,28,18,25,23,12,12,7,3
"125",12031014702,122,161,70,122,173,149,103,90,88,135,70,131,213,139,130,121,158,92,24,43,26,17,12,2,139,97,108,52,52,28,16,6,2,7,3,2,3,3,3,4,1,3,4,4,3,10,2,2,7,5,6,5,2,6,1,1,5,14,4,4,8,1,1,0,14,8,5,9,7,4,6,1,15,13,12,10,14,7,2,1
"126",12031014800,131,224,327,156,166,125,96,125,84,230,306,146,162,141,128,233,221,178,273,170,126,49,22,12,197,175,339,182,140,58,17,14,5,10,17,6,5,8,2,2,8,10,19,5,7,8,1,2,21,12,32,12,9,5,1,1,17,11,22,9,5,9,4,2,21,27,44,19,15,7,1,1,21,15,48,10,15,8,8,8
"127",12031014901,211,281,168,274,297,204,160,201,227,244,189,276,284,242,202,244,129,141,100,129,102,44,22,8,126,160,115,156,133,53,12,15,7,5,18,9,11,6,10,1,13,14,12,9,11,16,7,5,13,15,9,11,11,2,0,1,18,14,7,10,12,3,4,1,12,24,21,25,16,6,9,3,17,22,14,14,17,16,11,6
"128",12031014902,262,225,283,351,283,180,101,89,271,232,288,344,309,237,117,163,187,164,127,157,102,49,12,6,182,166,160,207,136,53,16,13,8,14,9,15,12,6,7,3,9,10,14,21,15,12,7,2,30,6,9,10,2,0,0,2,23,7,12,15,6,2,1,1,33,35,36,40,21,17,4,3,37,23,35,36,23,14,5,7
"129",12031015001,210,257,166,247,286,196,154,184,189,234,169,253,258,243,192,235,88,92,68,78,68,32,8,8,88,83,84,93,90,40,11,9,6,11,8,5,8,6,7,3,8,10,9,9,16,8,4,6,15,9,14,7,3,3,4,1,17,11,7,3,10,3,3,0,30,25,17,20,10,7,2,3,22,23,18,17,15,9,7,7
"130",12031015002,107,127,83,135,151,140,113,176,111,128,84,130,178,156,134,248,204,166,92,99,54,41,11,11,196,160,188,162,101,52,16,16,1,4,2,1,4,6,3,1,2,4,2,5,8,4,2,0,9,6,0,5,5,2,2,1,11,8,3,6,5,3,2,0,11,14,6,10,8,1,2,3,14,11,6,10,9,6,5,5
"131",12031015100,167,155,182,225,218,133,97,120,155,166,155,183,197,136,128,173,126,88,87,87,62,18,5,3,116,106,113,111,73,38,9,5,6,8,7,3,5,5,3,0,8,3,10,7,2,7,4,0,15,9,6,5,6,1,7,3,20,8,9,6,6,4,3,2,23,24,16,25,12,7,4,3,17,19,11,26,17,6,7,3
"132",12031015200,92,100,155,151,143,102,41,90,124,120,156,129,133,106,72,138,86,67,110,84,50,20,14,4,88,77,97,91,55,22,10,3,7,3,5,4,9,2,2,1,3,2,5,5,6,4,4,0,15,7,14,10,4,2,2,2,15,11,11,10,3,5,2,0,20,18,20,19,15,5,2,2,16,21,23,19,10,14,3,2
"133",12031015300,96,94,122,165,157,113,96,127,96,106,123,146,131,137,94,203,85,44,80,77,58,14,11,3,73,50,126,71,48,25,13,8,4,0,4,4,2,3,0,0,3,3,2,5,1,2,0,1,9,12,9,14,5,2,0,0,7,2,7,15,4,5,1,1,19,13,23,18,8,5,3,0,12,10,12,9,7,3,0,1
"134",12031015400,90,103,101,130,165,89,55,68,103,106,108,127,147,88,80,120,49,52,39,35,36,13,8,2,57,56,33,62,48,21,7,15,2,2,4,3,2,1,3,0,0,4,2,4,7,3,2,0,10,12,5,6,5,0,0,1,3,7,3,3,7,3,1,0,11,10,9,9,13,4,1,6,5,14,6,10,11,6,4,3
"135",12031015501,141,118,144,186,185,110,63,68,120,115,142,151,150,107,74,108,132,84,78,75,51,17,10,8,133,102,129,90,57,27,8,16,4,2,2,2,2,2,0,1,1,1,6,3,3,2,2,1,9,7,10,7,8,4,0,0,14,6,7,6,5,3,2,2,19,13,22,22,6,5,1,2,19,14,18,14,8,4,2,3
"136",12031015502,193,161,197,253,253,150,87,94,163,157,193,206,204,147,100,148,181,114,106,102,70,23,13,10,181,140,177,124,77,36,12,23,5,2,3,3,2,3,1,2,1,1,8,4,3,3,2,1,12,9,13,9,10,5,1,1,19,9,9,8,7,4,2,2,25,17,29,29,9,8,2,3,26,19,24,20,11,6,3,5
"137",12031015600,152,134,132,172,230,180,113,214,134,171,143,169,263,209,133,344,96,70,109,83,45,12,9,1,90,70,134,93,63,22,3,4,2,1,11,3,6,3,3,1,5,4,5,6,2,5,3,1,5,5,8,2,5,4,0,2,8,9,6,5,5,2,2,2,18,14,18,9,20,2,3,2,16,8,21,11,8,3,3,4
"138",12031015700,151,153,191,232,262,201,112,158,156,165,194,203,255,181,126,268,230,108,145,123,81,29,25,12,201,112,268,144,123,48,28,17,4,3,4,1,3,4,0,2,3,9,9,5,6,6,0,1,11,10,8,11,12,4,2,2,22,10,7,10,4,3,1,1,22,13,26,22,14,8,3,3,24,13,17,13,21,8,5,5
"139",12031015801,345,413,279,415,500,333,255,339,321,349,276,413,460,354,312,456,121,77,81,83,43,20,4,5,113,99,131,122,71,23,6,4,2,4,3,6,6,3,3,1,2,1,6,9,6,8,0,5,16,7,4,8,12,1,1,1,17,8,5,7,7,4,2,3,27,27,17,22,20,9,4,6,20,21,18,16,17,15,4,12
"140",12031015802,224,184,367,338,264,141,65,69,239,189,398,302,252,174,87,120,316,231,319,253,124,43,19,7,313,213,428,283,158,55,24,11,18,20,28,20,20,7,5,3,14,16,33,16,27,8,5,2,30,16,23,12,12,8,3,2,25,9,23,23,15,9,5,2,68,78,88,62,40,19,12,2,62,65,84,50,57,24,15,9
"141",12031015922,124,72,563,363,191,168,84,67,101,101,679,294,184,182,86,103,55,28,146,86,30,17,1,6,44,25,172,100,34,21,7,4,38,11,99,100,17,8,3,1,29,7,114,49,10,12,5,1,13,5,28,15,4,5,2,1,10,6,25,4,3,1,2,0,23,15,66,36,7,5,1,0,23,15,58,33,12,11,2,4
"142",12031015923,188,224,157,240,275,220,145,138,156,179,170,236,266,222,158,197,80,60,28,34,24,15,4,6,80,69,55,65,41,22,10,6,8,9,6,8,13,7,3,2,6,10,11,11,12,9,2,5,7,6,6,6,6,3,2,0,10,5,7,3,7,2,2,2,16,13,14,13,8,4,1,4,19,10,18,20,11,8,5,3
"143",12031015924,187,224,156,240,275,220,145,137,156,179,170,236,265,221,158,197,80,60,28,34,23,15,4,6,79,69,55,64,41,22,9,6,8,9,6,8,12,7,3,1,6,9,10,10,12,9,2,5,7,6,6,6,6,3,2,0,9,5,7,3,7,2,2,2,15,12,13,13,8,4,1,3,18,10,17,19,11,8,5,3
"144",12031015925,118,72,444,276,161,138,86,130,121,102,409,245,169,163,118,265,70,45,101,76,30,16,5,2,57,49,89,78,37,23,5,5,21,8,32,49,12,5,5,1,21,12,53,33,11,7,5,2,18,5,23,15,9,3,2,1,18,9,23,9,8,5,1,0,35,13,63,40,15,9,8,5,34,21,57,32,16,10,5,8
"145",12031015926,138,84,518,323,188,161,100,152,141,119,477,286,198,190,137,309,82,52,118,88,35,19,6,3,66,58,104,91,43,27,6,6,25,10,37,57,14,6,5,1,25,14,61,39,13,9,5,2,21,5,27,18,10,3,2,1,21,11,27,11,10,5,2,0,41,16,73,46,18,10,9,6,40,25,67,37,19,11,6,9
"146",12031016000,245,285,279,360,362,264,200,253,235,261,264,333,401,295,254,479,86,102,98,91,70,31,14,27,78,94,106,97,101,51,26,59,14,19,26,11,19,22,9,3,11,21,24,18,21,24,11,5,11,13,13,13,8,7,3,1,14,13,5,12,9,8,3,4,25,26,51,52,21,16,11,8,22,25,40,29,20,16,8,17
"147",12031016100,226,285,232,331,417,270,185,282,228,266,237,340,377,320,232,567,185,144,90,109,80,29,12,14,226,117,171,146,110,40,18,27,10,14,19,24,7,11,12,4,15,11,13,16,13,19,9,7,50,39,34,42,30,10,3,1,38,39,24,32,33,14,4,2,45,41,43,46,20,17,8,11,48,35,23,36,37,17,12,23
"148",12031016200,93,101,112,135,181,112,82,68,68,91,92,145,139,99,100,110,38,54,30,54,47,14,9,7,42,40,40,41,46,22,9,4,3,2,3,8,4,4,1,2,4,2,2,4,1,5,1,1,8,4,5,6,7,5,3,1,10,2,2,7,2,4,2,3,17,13,26,19,16,6,5,6,12,8,12,9,6,6,4,3
"149",12031016300,91,74,83,89,92,70,36,48,87,85,72,88,101,68,42,68,77,108,44,41,61,34,42,32,116,88,64,63,68,43,47,57,24,13,9,9,6,0,8,3,28,4,15,13,8,6,8,4,4,6,3,8,3,2,1,0,6,5,1,7,3,0,0,0,20,22,12,14,7,8,0,0,17,21,17,20,8,6,0,3
"150",12031016400,343,231,212,469,402,303,163,233,286,210,281,465,431,355,200,453,32,36,41,33,39,9,22,17,26,43,25,44,41,22,29,33,4,7,5,2,7,7,0,1,1,4,3,2,9,1,1,0,12,7,9,9,9,1,1,1,5,4,6,5,7,2,0,4,14,9,11,16,15,4,5,1,12,16,20,14,15,7,6,3
"151",12031016500,274,287,167,239,369,365,264,327,206,278,146,295,419,385,268,462,7,7,8,9,15,9,0,0,3,8,8,4,18,3,0,2,7,6,6,4,4,9,3,0,3,5,3,10,6,10,3,2,14,9,4,14,9,1,1,1,15,8,7,6,6,5,2,0,12,12,13,13,13,11,8,5,15,17,12,10,17,17,6,9
"152",12031016601,223,217,299,313,268,172,72,127,225,203,306,295,265,170,96,471,202,161,195,163,102,32,14,5,187,211,228,211,138,53,29,16,30,32,34,45,27,15,3,4,28,33,30,43,22,14,10,5,44,33,42,36,31,10,7,3,49,48,45,41,28,13,3,6,76,54,112,86,36,21,7,6,56,41,86,50,34,22,8,18
"153",12031016603,143,157,132,199,220,190,113,169,139,164,124,194,264,230,175,239,34,27,18,22,17,11,2,4,26,29,29,30,33,10,6,3,6,10,6,7,8,7,1,1,8,9,6,7,10,4,2,2,4,3,4,6,6,2,1,0,7,5,3,5,4,3,0,1,13,11,11,16,7,6,4,4,10,10,7,14,15,7,7,7
"154",12031016604,184,202,170,255,282,243,146,218,179,210,160,250,340,295,225,307,44,35,24,28,21,14,2,4,34,38,37,38,42,12,7,4,7,12,7,8,10,8,2,2,11,12,7,10,13,4,2,3,6,4,6,7,8,2,2,0,10,6,3,7,5,4,1,2,16,15,14,20,10,8,6,4,13,12,10,19,20,10,8,8
"155",12031016711,240,312,94,196,322,396,222,205,259,322,120,218,408,449,215,315,11,16,3,8,7,11,3,1,8,3,4,8,8,6,5,2,2,3,3,1,6,7,9,6,2,6,0,2,9,9,9,5,6,6,1,4,0,4,0,0,8,5,3,2,2,2,2,1,11,14,10,7,14,8,11,1,5,14,6,11,10,14,1,7
"156",12031016722,328,335,360,445,369,275,117,133,330,294,364,453,449,296,157,321,115,97,55,60,39,15,9,7,115,97,89,97,65,29,12,12,10,13,16,12,16,9,5,6,9,13,15,10,22,8,8,10,22,11,8,9,8,6,1,1,22,19,5,13,5,7,2,2,38,39,41,30,26,16,7,3,37,28,37,32,33,17,12,14
"157",12031016724,215,197,347,347,275,218,83,82,217,211,324,309,292,208,96,100,45,37,61,47,52,17,2,3,38,54,63,57,60,20,6,5,24,20,23,28,22,15,4,4,22,21,24,24,33,18,3,5,16,12,12,14,9,6,2,1,13,6,8,9,9,4,1,1,21,24,41,33,20,9,3,6,28,23,30,28,23,9,5,6
"158",12031016725,148,136,239,240,190,150,58,56,150,145,224,214,201,143,67,69,31,26,42,33,36,11,2,2,26,38,44,40,41,13,4,3,17,13,16,20,16,11,2,2,15,14,16,17,23,13,2,4,11,8,8,10,7,4,1,0,9,4,6,7,6,3,0,1,14,17,28,23,14,7,2,4,19,16,20,19,16,7,4,4
"159",12031016726,197,130,178,261,215,166,77,117,178,159,191,253,264,190,100,270,21,20,16,26,17,7,2,5,16,15,20,23,21,7,3,4,5,8,6,7,6,5,2,0,6,6,6,10,10,3,1,2,12,6,3,4,7,2,0,1,12,4,5,6,6,1,1,3,13,16,19,15,9,7,1,4,13,14,17,11,20,4,3,4
"160",12031016727,180,119,162,239,196,151,71,107,163,145,175,232,241,173,92,247,20,18,14,23,16,6,1,5,15,14,19,21,19,6,2,4,4,7,6,7,5,5,1,0,6,6,6,10,9,3,0,1,11,6,3,3,6,2,0,1,11,3,5,6,5,1,0,2,12,14,17,14,9,6,1,3,12,13,15,10,18,4,2,4
"161",12031016728,331,306,281,449,385,266,93,59,315,306,299,430,436,257,89,105,23,42,20,38,34,15,4,2,29,38,23,40,46,21,6,3,15,19,12,20,15,11,5,2,11,26,15,19,20,15,6,1,16,10,6,9,7,4,1,1,15,10,3,11,10,3,1,0,21,24,14,27,18,11,6,1,22,19,15,26,20,10,8,5
"162",12031016729,334,308,283,453,388,268,94,59,318,308,302,433,440,259,89,106,23,43,21,38,35,15,4,2,29,38,23,41,46,21,6,3,15,19,13,20,15,12,5,2,12,27,16,20,20,15,6,2,17,11,6,10,8,4,2,1,16,10,4,11,11,4,1,0,22,25,15,28,18,12,6,1,22,20,15,27,21,10,9,6
"163",12031016801,136,203,55,109,221,219,86,71,119,182,80,145,234,210,86,88,1,1,2,4,2,2,0,0,1,2,0,1,4,3,0,1,1,2,1,2,0,4,0,1,2,5,2,3,2,6,0,1,5,0,0,2,3,1,1,1,2,3,1,0,4,2,1,0,6,3,6,8,5,5,2,3,8,7,5,5,13,5,4,3
"164",12031016803,445,492,192,495,639,570,220,159,460,466,218,554,714,524,228,200,15,20,13,16,24,24,6,2,15,16,9,20,22,17,8,3,11,8,5,11,11,5,2,5,12,11,8,12,15,11,2,4,5,5,4,12,11,7,3,1,3,8,9,6,9,4,7,1,14,20,11,13,13,15,5,1,10,25,9,16,20,12,2,1
"165",12031016804,442,611,193,419,736,652,255,166,422,577,188,501,828,583,221,186,21,27,8,22,22,17,5,8,17,38,3,27,23,22,6,5,9,7,4,6,8,11,3,0,8,11,4,6,21,12,5,2,12,2,5,5,7,3,0,2,7,12,5,11,5,3,2,2,13,17,8,18,17,13,4,5,10,21,8,15,21,8,6,9
"166",12031016805,311,266,158,340,330,197,64,99,288,252,176,359,344,155,59,243,39,49,18,46,53,20,6,4,25,38,18,60,44,17,8,11,25,28,17,33,21,11,3,3,22,18,16,42,27,11,5,3,13,11,9,8,10,3,3,1,15,13,12,8,5,6,3,2,26,20,8,23,22,7,2,4,19,29,13,33,23,9,6,7
"167",12031016806,491,453,271,623,634,423,154,92,530,436,298,625,659,390,129,114,24,32,12,30,31,18,5,0,25,30,15,31,27,15,4,3,13,7,7,14,10,4,1,2,11,14,8,23,13,5,2,2,14,11,6,13,5,7,2,0,21,12,4,14,5,4,3,0,22,17,10,18,17,15,1,2,22,15,12,26,18,8,3,5
"168",12031016807,249,228,286,359,283,193,86,92,232,210,309,367,295,250,112,172,29,25,23,29,16,5,3,4,32,17,24,33,29,11,2,5,7,6,4,9,5,4,2,1,5,8,10,11,8,5,5,2,15,7,10,10,4,2,1,0,11,9,5,8,4,4,2,1,22,17,17,28,15,7,2,4,20,17,22,26,12,10,5,4
"169",12031016808,208,191,239,302,237,161,73,78,195,177,260,308,247,210,94,144,25,21,20,25,14,5,3,4,26,15,20,28,25,10,2,4,5,5,4,7,4,4,2,1,5,6,9,9,7,4,5,2,13,6,8,9,3,2,1,0,9,8,5,7,3,4,1,1,19,14,15,23,12,6,1,4,16,14,18,21,10,9,5,4
"170",12031017100,90,91,352,306,241,134,106,202,82,87,310,229,195,128,116,700,140,158,121,154,127,62,38,52,142,143,116,154,135,76,37,138,5,6,5,6,5,2,2,0,7,7,13,9,5,5,2,3,14,15,13,9,8,10,2,2,16,7,13,8,9,2,1,3,6,8,18,16,10,4,1,4,12,5,20,12,2,4,5,14
"171",12031017200,4,1,9,15,38,19,20,24,1,1,5,14,8,15,21,77,88,53,41,62,114,107,72,76,92,83,67,43,79,53,44,89,2,3,0,0,0,0,0,0,1,1,0,1,0,0,0,0,3,0,3,4,2,3,2,2,2,1,3,1,5,2,0,3,0,2,1,1,5,2,1,2,1,3,1,3,1,0,2,8
"172",12031017300,419,462,316,438,428,298,177,105,434,432,307,426,402,298,202,157,90,83,50,69,37,29,16,14,101,74,63,69,50,33,20,30,6,4,2,2,1,1,0,0,3,4,3,10,3,4,2,1,20,6,6,10,4,5,1,1,15,12,4,7,7,5,3,0,24,8,9,12,9,3,3,0,18,19,18,9,8,3,1,3
"173",12031017400,10,15,44,50,67,14,8,8,10,12,13,26,18,7,7,13,229,280,167,221,249,155,102,110,240,244,188,238,249,139,135,220,0,0,0,0,1,0,0,0,1,0,1,0,0,0,0,1,0,10,2,2,0,2,1,3,4,3,5,2,3,2,2,3,5,7,5,2,0,4,1,1,3,1,4,2,1,3,1,0
"174",12089050101,206,277,215,285,373,347,217,225,221,223,203,315,393,369,241,400,65,93,53,57,57,41,33,40,69,79,49,65,80,58,51,70,1,1,1,0,3,1,1,1,2,2,0,1,4,4,1,1,2,4,5,5,7,3,2,1,6,5,1,3,5,6,3,2,11,14,19,9,7,5,3,3,7,13,4,7,12,3,3,6
"175",12089050102,107,144,112,148,193,180,112,117,114,115,106,164,204,192,125,207,33,48,27,30,30,21,17,21,36,41,26,33,42,30,26,37,1,1,0,0,1,1,0,1,1,1,0,0,2,2,0,0,1,2,2,2,4,2,1,1,3,3,1,2,2,3,2,1,6,7,10,5,3,2,2,1,4,7,2,4,6,2,2,3
"176",12089050201,62,69,52,71,102,104,105,84,61,65,52,80,104,126,100,95,8,6,3,5,6,5,3,2,7,6,5,8,7,5,4,3,2,1,1,1,1,0,0,0,1,1,1,1,2,0,0,0,2,1,1,1,2,2,0,1,1,1,1,1,1,1,1,0,3,2,3,4,2,2,0,0,3,2,3,3,2,2,1,1
"177",12089050202,260,289,216,298,425,435,438,352,254,271,218,333,436,527,416,395,32,26,13,20,24,19,12,10,28,25,22,31,28,22,16,13,6,5,3,5,4,2,1,0,3,3,3,5,9,1,1,1,9,3,3,5,9,7,2,2,6,3,4,2,3,3,2,2,12,10,14,19,9,6,2,1,14,10,13,14,9,10,5,3
"178",12089050203,124,138,103,143,204,208,210,169,122,130,104,160,209,252,199,189,15,13,6,10,11,9,6,5,13,12,10,15,13,11,8,6,3,2,2,2,2,1,0,0,2,1,2,2,4,0,0,1,4,2,1,2,4,3,1,1,3,2,2,1,1,1,1,1,6,5,7,9,4,3,1,0,7,5,6,7,4,5,2,1
"179",12089050301,200,220,192,250,256,183,126,71,177,208,151,212,243,195,100,71,25,53,53,35,39,19,8,6,24,20,17,30,33,12,8,13,0,1,0,1,0,0,1,0,0,0,2,2,3,1,1,2,2,8,6,9,9,2,0,2,4,1,3,5,3,3,1,0,10,11,8,2,0,1,2,0,3,5,4,3,6,2,1,1
"180",12089050302,441,444,345,461,455,318,210,123,381,409,339,474,437,327,204,152,33,45,24,21,22,13,21,14,25,24,26,30,41,28,25,13,1,2,1,0,1,1,1,0,0,5,0,4,3,2,2,0,17,7,12,14,12,5,7,2,13,7,5,9,10,5,1,1,5,12,4,8,1,5,4,0,13,11,3,10,7,5,3,2
"181",12089050303,431,459,325,503,597,447,254,179,412,476,348,526,592,417,235,169,30,32,18,21,45,26,12,10,24,29,30,34,29,40,18,18,1,2,1,1,0,0,2,0,1,2,1,6,3,7,1,1,4,7,6,10,6,7,5,1,11,2,4,6,10,8,0,3,11,10,6,8,6,4,3,2,8,9,9,11,4,1,3,1
"182",12089050400,499,580,358,520,512,418,315,192,490,538,412,551,510,397,274,308,47,37,21,36,44,25,14,24,61,49,38,43,42,37,17,26,1,0,1,1,0,1,0,0,0,1,2,2,3,4,3,1,10,11,4,11,9,5,3,2,7,11,4,4,14,5,3,2,10,4,2,4,6,1,3,1,4,4,0,5,3,4,1,2
"183",12089050502,390,485,292,458,484,391,240,160,357,471,324,467,491,350,245,212,5,12,3,3,8,6,1,2,5,3,2,8,8,3,2,1,1,2,0,2,1,1,0,0,2,0,1,2,1,1,1,0,14,8,4,12,6,6,3,1,4,4,5,5,7,7,3,1,4,3,5,7,2,1,2,0,5,7,5,2,1,1,2,0
"184",12089050503,351,364,280,351,325,257,190,98,350,356,278,384,317,286,175,167,23,33,14,19,24,14,13,10,21,24,15,25,24,25,16,24,1,1,0,2,2,1,1,0,1,1,2,0,3,0,1,1,6,3,4,3,4,5,2,1,10,4,2,6,4,4,4,1,6,4,2,7,2,3,1,1,5,3,3,1,3,1,2,0
"185",12089050504,229,237,182,229,212,167,124,64,228,232,181,250,206,186,114,109,15,21,9,12,16,9,8,7,14,16,10,17,16,16,10,15,0,0,0,2,2,0,1,0,0,0,1,0,2,0,1,0,4,2,2,2,2,4,2,1,7,3,2,4,2,2,2,1,4,3,2,4,1,2,1,0,3,2,2,1,2,0,2,0
"186",13001950100,185,211,163,190,232,168,107,94,171,211,167,210,215,163,110,111,7,19,8,6,3,8,2,1,7,8,3,6,7,8,3,5,0,0,0,0,0,0,0,0,0,0,0,0,0,0,0,0,1,0,0,1,0,1,2,0,2,0,0,0,2,1,0,3,8,2,9,6,2,2,2,2,11,1,8,2,1,2,0,2
"187",13001950200,156,145,129,151,168,128,77,67,143,154,137,168,167,150,90,108,179,203,128,122,137,109,48,56,181,217,138,151,167,118,63,96,0,0,3,1,0,1,2,0,0,1,4,0,1,2,0,0,7,5,1,0,0,2,0,1,8,3,2,0,2,0,0,1,21,15,24,19,4,6,2,4,12,16,13,9,2,2,3,2
"188",13001950300,261,255,202,232,284,237,172,156,220,212,227,260,281,279,199,297,65,64,43,43,32,11,9,9,64,70,48,63,35,30,13,19,2,2,0,4,3,0,1,0,4,2,1,4,1,1,1,0,4,5,2,3,4,3,2,1,5,5,5,4,2,4,2,0,35,70,97,46,20,12,7,1,22,12,17,13,7,0,1,1
"189",13001950400,81,72,70,81,88,84,70,52,59,80,75,72,93,88,57,81,17,30,15,14,34,18,10,12,16,29,20,21,37,18,12,18,0,0,0,0,0,0,0,0,2,1,0,1,0,0,0,0,1,0,1,0,2,0,1,1,0,1,0,1,1,0,0,1,5,4,5,3,1,2,1,0,5,3,1,4,2,0,1,0
"190",13001950500,236,249,200,246,219,235,134,99,225,227,204,234,229,201,153,139,19,26,14,16,18,11,6,2,21,36,13,16,17,18,5,7,0,0,0,1,0,0,0,0,0,2,0,0,1,2,0,0,1,2,1,2,2,0,1,0,2,1,2,2,0,0,2,1,30,17,30,20,3,2,1,1,24,16,18,13,4,0,1,0
"191",13003960300,0,0,0,0,0,0,0,0,0,0,0,0,0,0,0,0,0,0,0,0,0,0,0,0,0,0,0,0,0,0,0,0,0,0,0,0,0,0,0,0,0,0,0,0,0,0,0,0,0,0,0,0,0,0,0,0,0,0,0,0,0,0,0,0,0,0,0,0,0,0,0,0,0,0,0,0,0,0,0,0
"192",13005970100,0,0,0,0,0,0,0,0,0,0,0,0,0,0,0,0,0,0,0,0,0,0,0,0,0,0,0,0,0,0,0,0,0,0,0,0,0,0,0,0,0,0,0,0,0,0,0,0,0,0,0,0,0,0,0,0,0,0,0,0,0,0,0,0,0,0,0,0,0,0,0,0,0,0,0,0,0,0,0,0
"193",13005970202,0,0,0,0,0,0,0,0,0,0,0,0,0,0,0,0,0,0,0,0,0,0,0,0,0,0,0,0,0,0,0,0,0,0,0,0,0,0,0,0,0,0,0,0,0,0,0,0,0,0,0,0,0,0,0,0,0,0,0,0,0,0,0,0,0,0,0,0,0,0,0,0,0,0,0,0,0,0,0,0
"194",13025960100,406,433,309,399,384,272,206,101,387,371,309,416,354,263,168,107,13,25,17,15,25,11,7,10,21,27,8,19,24,7,7,8,0,1,0,0,0,0,0,0,0,0,0,0,2,1,0,0,5,6,2,0,7,5,7,1,4,12,2,3,7,3,0,0,5,2,3,7,1,0,0,0,7,0,4,2,1,1,1,0
"195",13025960200,359,343,282,314,306,280,187,142,300,315,285,310,325,287,200,234,23,28,11,11,13,8,8,9,18,22,14,15,21,17,8,12,1,0,0,0,1,0,0,0,0,1,1,0,1,0,1,0,4,2,3,3,3,4,2,1,8,1,6,2,3,4,0,2,5,2,11,8,2,1,2,0,3,6,3,1,0,4,0,0
"196",13025960300,297,348,270,341,322,282,171,130,289,336,284,340,330,277,199,142,9,12,3,7,3,5,3,4,6,9,10,5,7,7,7,0,0,0,0,0,0,0,0,0,0,0,0,1,1,1,0,0,3,11,2,7,2,3,2,1,6,5,3,7,3,3,1,2,8,9,9,6,4,1,4,0,9,6,6,0,4,1,1,2
"197",13029920101,253,254,195,234,255,205,117,86,222,262,200,261,257,194,112,104,62,101,41,46,56,36,19,21,72,83,43,66,64,39,29,32,0,1,0,0,0,0,0,0,0,0,0,0,1,0,1,0,12,3,3,3,7,3,1,0,8,5,2,5,5,5,1,2,4,5,6,4,3,1,0,0,4,2,3,1,4,1,0,1
"198",13029920102,292,293,226,270,294,237,136,100,256,303,231,301,296,224,129,121,72,116,47,53,65,42,22,25,83,96,50,76,74,46,33,36,1,2,1,1,0,0,0,0,1,1,1,1,1,0,1,0,14,4,4,4,8,4,2,1,9,6,3,6,5,5,1,2,4,5,7,4,4,2,1,1,4,3,3,2,4,1,0,1
"199",13029920301,143,155,85,139,153,94,38,30,123,145,92,150,158,84,38,48,20,21,12,18,15,7,5,3,20,20,19,22,13,9,4,3,2,2,1,2,1,1,0,0,1,2,2,2,4,2,0,0,3,5,1,2,2,2,0,0,3,3,2,2,3,0,1,1,6,5,4,4,5,2,0,0,7,5,3,5,4,1,1,1
"200",13029920303,253,274,150,246,270,166,68,54,217,256,162,265,280,148,68,86,35,36,22,32,26,13,9,5,35,35,33,38,23,16,7,5,3,3,2,3,1,1,1,0,2,3,3,4,7,4,1,0,5,8,2,4,3,3,0,0,6,6,4,4,6,1,1,1,11,8,7,8,8,3,0,1,12,8,5,8,7,2,2,1
"201",13029920305,222,240,132,216,237,146,59,47,191,225,142,232,245,129,59,75,30,32,19,28,23,11,8,5,31,31,29,34,20,14,6,4,3,2,2,3,1,1,1,0,2,3,3,3,6,4,1,0,5,7,1,3,3,3,0,0,5,5,4,3,5,1,1,1,9,7,6,7,7,3,0,1,10,7,5,7,6,2,2,1
"202",13029920306,425,461,253,414,454,280,114,91,365,431,272,446,471,248,114,144,58,61,37,53,44,22,16,9,60,59,55,64,39,26,11,8,5,4,4,5,2,2,1,0,4,5,5,7,12,7,1,0,9,14,3,7,5,5,1,1,10,10,7,6,10,1,2,2,18,14,11,13,14,5,1,1,20,14,9,14,12,3,3,2
"203",13029980000,0,0,0,0,0,0,0,0,0,0,0,0,0,0,0,0,0,0,0,0,0,0,0,0,0,0,0,0,0,0,0,0,0,0,0,0,0,0,0,0,0,0,0,0,0,0,0,0,0,0,0,0,0,0,0,0,0,0,0,0,0,0,0,0,0,0,0,0,0,0,0,0,0,0,0,0,0,0,0,0
"204",13031110100,162,195,138,202,165,146,100,103,145,153,142,195,161,150,128,128,111,150,79,61,78,44,33,23,103,119,67,97,76,64,27,35,0,0,2,0,0,0,0,0,0,0,1,0,0,0,0,0,3,1,0,6,3,0,1,0,3,0,0,1,3,1,3,1,11,14,43,16,8,2,2,1,8,11,19,5,2,2,1,0
"205",13031110200,275,296,308,331,346,237,160,138,291,282,270,339,355,238,180,231,252,301,260,203,208,115,81,80,246,289,203,242,212,151,104,129,1,4,4,3,2,5,2,0,2,3,0,3,6,1,2,0,10,7,4,4,0,2,1,0,10,5,7,1,3,3,1,1,8,4,8,6,4,0,1,1,4,6,8,2,5,4,2,1
"206",13031110300,336,353,487,348,337,352,182,113,336,330,455,335,384,345,186,159,127,154,74,97,92,55,31,17,112,155,74,126,107,57,36,36,3,5,5,3,4,5,0,1,4,2,6,8,8,3,0,0,4,2,1,2,1,0,0,2,2,6,2,3,2,1,0,0,19,10,29,13,6,3,1,0,13,5,24,8,5,1,1,1
"207",13031110401,27,29,192,35,47,48,33,53,18,55,186,41,42,36,37,162,129,172,192,94,117,72,55,50,139,148,232,122,136,110,67,100,1,4,11,4,0,1,1,0,1,1,5,2,1,0,0,0,3,3,5,1,3,0,0,0,8,0,8,2,1,0,1,0,1,4,12,6,1,2,6,0,1,1,3,2,2,2,0,0
"208",13031110403,15,513,772,25,15,14,7,7,16,530,627,14,19,14,8,8,13,251,381,4,4,0,0,1,14,355,472,5,3,1,0,0,0,18,19,3,1,0,0,0,2,7,23,5,1,0,0,0,1,11,20,0,1,1,0,0,2,14,12,0,1,0,0,0,6,28,61,4,2,0,0,0,2,21,25,1,1,0,0,0
"209",13031110404,16,582,878,28,16,16,8,9,19,603,712,16,22,16,9,9,15,285,433,4,5,0,0,2,15,404,536,6,3,2,0,1,1,20,22,4,1,0,0,0,3,8,26,5,1,0,0,0,1,12,22,0,2,1,0,1,2,15,14,1,1,1,0,0,6,32,70,5,2,1,1,0,3,24,28,2,1,0,1,0
"210",13031110500,107,157,555,145,144,134,129,155,116,211,492,123,147,166,141,322,71,84,74,33,35,20,10,7,74,67,126,64,53,21,15,25,1,1,4,3,5,1,0,2,1,4,7,2,7,1,0,0,3,0,7,6,7,0,0,0,4,4,12,3,0,0,2,1,2,3,13,1,4,3,0,1,5,5,11,2,8,2,2,1
"211",13031110601,205,214,267,237,224,167,123,97,177,208,265,254,237,180,133,209,158,112,86,79,57,36,18,19,149,123,169,123,83,44,29,30,3,2,4,3,2,4,1,1,3,4,9,4,4,5,2,1,4,5,1,2,0,0,1,1,9,5,3,2,3,2,1,1,6,7,8,4,6,2,1,0,5,5,4,5,5,1,1,1
"212",13031110602,139,146,181,161,152,114,83,66,120,142,180,173,161,122,90,142,107,76,59,54,39,24,12,13,102,84,115,84,57,30,20,20,2,1,3,2,2,3,1,0,2,2,6,3,2,3,2,1,3,4,1,1,0,0,0,1,6,3,2,2,2,1,1,1,4,5,5,2,4,1,0,0,3,3,3,3,3,0,1,1
"213",13031110700,266,328,245,327,303,226,161,146,288,281,266,328,304,236,177,169,94,83,60,70,68,46,21,18,87,108,72,82,81,39,28,41,0,1,5,2,0,0,0,0,0,1,4,0,1,0,0,0,1,3,1,1,2,2,1,0,0,2,1,1,2,1,2,0,17,13,19,11,7,2,1,1,9,6,7,7,3,2,0,1
"214",13031110800,129,121,111,131,111,91,62,47,132,119,110,135,100,89,73,40,54,66,28,37,54,23,17,15,56,73,41,49,54,25,21,19,0,0,0,0,0,0,1,0,0,1,2,0,0,0,2,0,1,1,2,0,1,1,0,1,2,0,1,0,1,2,1,0,0,3,0,0,1,1,0,1,2,1,1,2,0,1,0,0
"215",13031110900,404,462,306,395,472,316,191,160,351,449,311,423,461,293,213,192,49,63,37,28,54,33,16,12,41,85,38,48,56,32,21,22,0,2,1,1,0,1,0,0,0,1,0,1,1,0,1,1,3,6,1,2,6,3,3,1,8,1,1,3,1,2,0,1,4,5,3,6,7,3,0,2,6,3,2,4,4,0,2,0
"216",13039010100,115,140,105,140,154,148,85,61,134,142,111,137,167,128,74,80,52,84,36,47,51,39,39,35,46,82,36,66,63,54,51,44,0,0,0,0,0,0,0,0,0,1,0,2,0,0,0,0,5,7,0,2,5,1,0,0,5,4,2,4,2,0,1,3,2,1,2,1,1,1,0,0,0,1,2,0,2,1,1,1
"217",13039010200,222,262,142,276,291,197,100,72,235,262,124,286,295,178,101,85,86,116,57,77,71,72,34,34,84,145,58,85,103,79,42,42,3,1,0,1,2,0,0,1,2,1,2,3,4,1,1,1,7,4,5,7,7,1,0,0,7,5,3,6,7,3,0,0,6,7,7,12,9,1,1,0,11,4,2,7,2,3,1,2
"218",13039010301,553,509,458,559,440,262,128,62,450,468,430,530,427,263,133,95,122,132,98,99,69,30,14,6,123,121,93,111,85,41,13,8,2,9,4,1,3,4,0,0,2,6,7,8,12,4,2,0,30,18,22,9,8,9,0,0,19,13,11,14,16,9,3,0,25,25,26,25,11,3,3,1,25,15,19,15,11,3,4,0
"219",13039010302,254,230,183,269,194,137,50,41,244,203,191,242,194,126,57,52,102,121,64,95,79,61,22,39,102,117,77,101,107,66,39,64,0,1,4,0,0,2,0,0,0,0,3,3,4,2,0,0,15,12,4,3,4,5,0,0,19,6,8,5,4,5,0,0,9,9,6,9,3,2,0,1,11,6,3,10,1,0,1,0
"220",13039010401,510,415,492,570,347,195,91,55,480,439,444,540,369,170,88,59,114,117,78,105,69,27,9,5,117,133,67,137,70,21,9,10,10,5,7,9,7,4,1,1,8,7,10,14,16,7,1,5,27,18,16,9,9,4,1,0,31,19,10,13,8,3,1,1,38,27,29,28,12,6,2,1,42,39,29,27,16,5,2,1
"221",13039010402,256,208,247,286,174,98,45,28,241,220,223,271,185,85,44,30,57,59,39,53,34,14,5,2,59,67,33,69,35,11,4,5,5,2,3,5,4,2,0,1,4,3,5,7,8,4,1,2,13,9,8,5,5,2,0,0,16,9,5,6,4,1,0,0,19,14,15,14,6,3,1,0,21,20,14,14,8,2,1,1
"222",13039010403,207,168,200,231,141,79,37,22,195,178,180,219,149,69,36,24,46,47,32,43,28,11,4,2,48,54,27,55,28,8,4,4,4,2,3,4,3,1,0,0,3,3,4,6,7,3,0,2,11,7,6,4,4,1,0,0,13,8,4,5,3,1,0,0,15,11,12,11,5,2,1,0,17,16,12,11,6,2,1,0
"223",13039010500,255,268,1196,204,51,5,0,0,232,106,303,108,11,6,1,1,81,31,282,62,10,0,0,0,84,33,84,37,2,0,0,2,4,2,9,2,0,0,0,0,1,0,8,4,1,1,0,0,16,4,21,2,0,0,0,0,26,1,14,1,0,0,0,0,33,44,134,14,4,0,0,0,45,8,51,12,2,0,0,0
"224",13039010601,342,407,429,383,341,265,153,113,291,382,369,378,376,266,169,171,154,126,96,83,62,31,35,17,143,109,130,112,87,43,25,23,1,6,4,3,4,6,1,2,1,3,5,7,8,6,4,2,28,13,11,8,5,6,4,1,24,11,10,10,8,3,3,2,29,32,28,17,17,4,2,1,20,35,20,18,13,6,1,3
"225",13039010602,62,73,78,69,61,47,27,20,52,69,66,68,67,48,30,31,28,23,17,15,11,6,6,3,26,20,23,20,16,8,4,4,0,1,1,0,1,1,0,0,0,1,1,1,1,1,1,0,5,2,2,2,1,1,1,0,4,2,2,2,2,1,1,0,5,6,5,3,3,1,0,0,4,6,4,3,2,1,0,0
"226",13043950100,174,211,121,172,158,167,145,148,166,171,143,178,185,193,111,280,143,163,102,81,93,72,46,44,128,140,124,101,100,76,67,98,0,3,1,1,2,2,0,1,0,2,0,1,2,1,2,1,1,4,0,1,1,1,1,1,3,2,6,0,0,0,0,0,32,34,42,23,15,6,4,0,21,12,13,9,5,6,2,0
"227",13043950200,130,187,113,147,133,165,83,125,132,131,121,157,161,152,109,179,34,44,32,30,30,21,8,16,39,33,35,25,48,22,15,20,2,0,0,0,0,0,2,0,1,0,1,0,0,0,0,0,2,3,0,3,1,0,0,2,1,3,0,2,1,1,1,0,27,27,42,16,24,4,1,5,14,29,21,14,8,3,2,2
"228",13043950300,77,66,68,74,76,86,48,59,71,59,66,61,75,76,53,65,52,38,37,25,41,34,20,30,43,31,29,40,43,28,21,34,0,0,0,0,0,0,0,0,0,1,0,0,0,0,0,0,3,1,0,0,0,3,1,0,3,2,4,1,2,1,2,1,36,57,117,50,20,7,2,1,27,31,26,25,13,3,0,4
"229",13049010100,314,405,342,439,382,281,196,150,302,363,277,352,335,261,217,239,196,304,407,323,207,104,77,51,211,274,153,195,168,98,83,88,1,1,0,1,2,3,0,0,1,2,0,6,1,0,1,0,8,10,6,7,10,4,3,3,12,14,7,7,11,8,6,7,12,3,5,7,5,1,1,0,4,5,3,3,4,3,1,2
"230",13049010200,190,178,112,175,167,137,95,52,144,156,135,164,143,134,97,80,7,2,3,3,5,0,3,2,4,6,6,4,4,2,0,0,4,1,0,1,2,0,0,0,4,0,0,3,1,0,0,0,1,2,3,2,4,2,4,0,5,3,1,3,3,6,0,0,3,6,2,1,0,0,0,0,0,3,2,3,1,0,0,1
"231",13051000100,0,48,59,6,8,4,1,0,0,49,34,0,1,0,0,0,193,93,36,18,22,5,6,1,175,96,153,55,39,15,17,8,2,3,5,0,1,1,1,0,0,2,2,1,1,0,2,0,3,3,1,0,0,1,1,0,2,2,2,0,0,0,0,0,6,4,2,0,1,0,0,0,3,6,8,6,1,0,0,0
"232",13051000300,15,210,390,108,77,90,59,33,19,154,269,62,38,67,41,37,19,22,40,39,37,29,12,4,15,12,29,22,12,6,3,7,0,5,47,4,1,0,0,1,2,9,35,1,1,1,0,1,0,8,17,1,1,0,0,0,0,6,9,1,0,1,0,3,1,11,31,3,0,0,0,0,0,4,16,2,1,3,0,1
"233",13051000601,2,0,3,1,1,0,0,0,2,2,3,1,2,1,2,2,357,333,184,157,225,154,108,217,354,312,266,244,260,232,193,363,0,2,0,0,1,0,1,0,0,3,1,0,1,0,0,0,0,1,1,2,2,3,0,1,5,0,0,0,1,6,0,4,5,2,0,0,0,0,0,0,7,0,3,0,0,0,1,0
"234",13051000900,16,6,121,73,48,88,66,62,18,23,139,60,60,82,77,133,0,0,6,8,14,8,8,9,1,0,4,1,6,5,11,44,0,0,1,0,0,1,0,0,0,0,4,2,1,0,0,1,0,0,6,0,1,0,0,1,0,0,6,0,2,0,2,1,2,2,3,1,3,1,0,0,1,0,3,2,1,0,1,0
"235",13051001100,5,11,97,45,35,21,6,3,3,7,65,36,14,13,12,3,197,157,108,137,114,47,37,49,193,159,145,174,126,85,53,100,0,0,6,3,0,0,0,0,0,0,8,1,0,0,0,0,4,2,7,0,1,3,0,0,1,0,5,0,0,1,0,1,2,2,7,4,0,0,0,0,2,1,2,0,1,1,0,0
"236",13051001200,1,4,0,1,0,1,0,0,0,0,2,0,3,1,0,0,175,138,59,43,60,32,30,32,127,128,109,99,68,55,53,86,0,0,0,0,0,0,0,0,0,0,0,0,0,0,0,0,8,1,1,2,0,0,0,0,2,2,0,3,0,0,0,0,0,1,2,2,0,0,1,0,2,0,1,1,0,0,0,0
"237",13051001500,9,19,189,70,39,39,17,14,7,25,147,40,35,47,22,22,20,21,21,18,31,22,23,17,26,22,34,24,25,31,17,40,0,2,13,2,0,0,0,0,0,2,15,4,2,0,0,0,0,0,9,0,3,2,0,0,0,1,4,0,1,3,2,0,0,0,6,3,4,1,2,0,0,1,6,1,1,0,1,0
"238",13051002000,1,7,32,8,7,6,2,2,1,7,22,7,4,5,1,2,155,183,109,88,127,68,50,56,129,145,111,111,117,80,66,122,3,0,3,1,1,0,0,0,0,2,0,1,1,1,0,0,0,1,0,3,0,1,0,0,0,0,1,0,0,0,3,0,1,2,0,0,0,0,0,0,0,0,1,3,0,0,0,0
"239",13051002100,4,0,6,7,5,3,2,5,1,3,4,5,5,3,0,9,177,200,150,132,150,129,86,68,162,201,161,140,174,146,103,154,0,0,1,0,0,0,0,0,0,1,1,1,0,0,0,0,4,1,1,1,1,2,0,1,4,1,2,2,0,0,1,1,0,0,1,0,3,0,0,0,0,0,0,1,1,0,2,0
"240",13051002200,31,39,39,61,78,55,33,46,23,30,37,49,56,55,40,108,402,356,239,185,193,145,86,78,338,354,320,279,276,217,108,165,1,1,6,2,1,0,0,0,0,2,1,1,1,1,0,1,3,4,5,1,2,3,1,1,4,7,3,8,3,2,4,1,2,4,4,1,2,0,0,0,4,2,2,3,1,1,0,0
"241",13051002300,2,1,2,2,2,0,0,0,0,0,2,0,0,2,0,0,201,195,103,99,112,94,56,102,145,203,109,145,153,121,110,196,0,0,0,0,0,0,0,0,0,0,0,0,0,0,0,0,2,4,2,0,2,1,0,1,4,4,1,1,2,0,1,0,1,5,5,2,2,0,1,1,1,2,2,0,2,1,1,0
"242",13051002600,7,10,34,26,18,13,9,8,12,15,32,18,17,16,9,10,87,135,99,77,111,85,44,37,84,112,71,100,101,104,73,68,0,0,1,1,0,0,0,1,0,0,1,0,0,0,0,1,1,0,2,2,1,0,0,0,2,0,2,0,1,1,1,0,1,0,1,4,0,0,0,0,0,0,2,0,0,2,0,0
"243",13051002700,5,10,19,19,9,6,8,7,1,5,17,12,7,6,10,13,229,301,199,174,205,155,111,102,226,304,200,187,261,214,163,171,0,1,1,0,0,0,0,0,0,0,0,0,0,0,0,0,6,0,2,5,1,1,1,0,2,2,2,1,4,1,2,2,1,1,1,4,0,0,0,0,0,2,1,1,2,1,0,0
"244",13051002800,8,5,18,11,13,7,8,6,8,5,21,12,13,9,6,11,236,224,146,162,161,139,99,124,204,253,196,177,259,140,107,230,0,0,0,0,1,0,0,0,1,0,1,1,1,1,0,0,5,1,2,1,2,1,1,1,2,6,2,2,4,0,1,1,3,1,3,5,0,0,1,2,4,6,0,4,0,0,0,1
"245",13051002900,133,119,198,254,186,180,97,142,154,116,214,224,205,187,89,274,14,15,9,11,17,9,1,1,12,14,15,16,16,8,4,6,1,0,1,2,1,2,0,1,4,1,3,4,1,1,0,1,4,3,3,0,3,4,1,4,2,2,1,4,2,1,1,1,2,1,2,4,3,0,0,0,3,3,2,4,1,0,0,0
"246",13051003000,85,55,114,186,106,83,57,55,88,62,165,188,135,104,67,143,14,13,11,23,14,8,9,5,16,19,11,23,18,14,9,7,0,0,0,1,0,0,0,0,0,0,4,2,0,1,0,0,1,1,4,5,1,0,1,1,2,3,3,0,1,1,1,0,1,0,3,4,1,1,0,0,1,1,3,7,1,1,1,0
"247",13051003301,1,0,0,0,0,0,0,0,2,0,1,1,0,0,0,0,140,143,96,89,97,89,97,104,142,126,113,112,147,121,142,203,0,0,0,0,0,0,0,0,0,0,0,0,0,1,0,0,0,2,0,0,0,2,0,1,0,3,1,1,1,2,0,1,1,2,3,0,1,1,0,0,1,1,0,1,2,0,1,0
"248",13051003302,0,0,2,0,1,0,0,0,1,0,1,0,1,0,1,1,89,143,91,107,110,96,131,85,90,134,77,107,123,166,169,118,0,0,0,0,0,0,0,0,0,0,0,0,0,0,0,0,0,0,0,0,0,2,0,0,0,0,0,1,0,1,0,0,0,0,0,1,0,0,0,0,0,1,0,0,0,1,0,0
"249",13051003400,89,81,190,159,152,109,78,172,87,67,165,151,126,113,95,384,143,180,123,120,131,96,70,98,126,172,123,143,155,147,106,187,3,1,6,2,5,0,2,2,1,0,4,3,4,1,2,2,2,3,1,4,3,2,2,2,7,3,4,3,5,3,0,4,1,2,8,2,1,0,1,2,3,8,9,6,3,3,2,2
"250",13051003501,33,29,97,85,55,40,33,58,36,31,74,63,52,47,46,137,169,140,114,122,111,55,36,26,204,185,152,146,150,94,53,69,6,4,3,6,4,3,1,0,3,4,2,10,2,4,2,2,6,5,8,3,4,2,2,4,7,1,9,4,1,1,1,6,3,5,8,3,1,5,2,2,2,3,6,2,1,0,0,4
"251",13051003502,97,91,125,126,140,125,85,154,74,85,124,104,143,126,108,253,194,163,107,125,101,64,25,18,159,163,138,156,145,98,33,33,3,7,7,3,1,4,0,0,2,8,7,2,7,2,2,1,9,5,3,5,4,1,0,0,7,1,4,4,4,2,1,1,7,3,3,1,4,0,1,0,2,2,2,1,2,1,2,0
"252",13051003601,31,24,46,37,58,25,40,44,29,26,48,35,38,49,40,78,220,222,142,132,111,77,45,42,238,204,217,185,171,110,63,65,2,2,2,0,1,2,1,0,1,6,1,1,3,2,0,0,4,2,0,4,0,2,1,1,3,3,2,4,2,2,1,0,11,3,7,4,1,0,0,0,6,5,4,8,1,3,0,0
"253",13051003602,87,76,125,115,138,102,71,117,72,92,139,126,142,104,81,201,300,351,210,175,152,120,52,28,286,312,251,266,237,141,69,66,20,16,21,17,18,12,3,5,11,15,15,17,11,11,5,2,13,8,8,3,4,3,0,0,19,8,8,4,6,2,3,1,8,12,8,2,5,1,0,2,9,6,9,4,6,1,0,4
"254",13051003700,29,45,39,42,38,38,34,30,19,31,42,37,50,22,38,70,116,106,79,69,57,29,12,8,117,108,91,100,91,37,18,16,3,1,5,5,1,3,2,0,3,1,5,3,2,4,1,2,3,1,1,2,1,0,0,0,2,3,1,0,3,0,0,2,2,2,5,0,2,0,0,0,0,1,5,1,2,0,0,0
"255",13051003800,25,28,39,38,37,24,22,28,26,25,39,37,31,31,38,61,202,212,210,124,129,100,46,27,198,216,195,163,183,145,63,36,1,2,2,4,1,1,0,0,2,7,1,2,5,1,0,0,4,4,6,1,4,1,0,0,7,2,1,2,1,1,2,2,2,1,1,0,2,0,0,0,1,0,3,0,3,0,0,0
"256",13051003900,95,103,119,131,150,103,97,167,96,112,93,114,141,134,150,282,196,180,116,106,91,69,20,12,182,195,133,144,158,84,26,19,0,7,6,1,4,4,5,4,3,7,4,2,7,6,4,3,4,7,4,5,3,5,1,2,8,4,3,5,6,4,0,1,6,6,5,4,2,0,1,0,11,7,6,5,3,0,0,0
"257",13051004001,168,171,120,181,186,176,150,303,152,155,143,167,225,204,218,541,71,66,86,56,45,48,23,18,71,67,93,69,62,58,17,21,5,7,6,7,11,3,2,3,3,2,10,7,10,4,2,3,10,0,7,3,6,1,2,0,8,4,6,4,2,1,2,1,9,15,27,16,11,6,3,1,9,5,10,7,6,4,2,5
"258",13051004002,97,116,253,171,170,146,115,174,109,129,218,140,180,174,189,362,69,84,78,81,58,29,15,8,90,64,107,92,57,32,21,11,3,7,10,9,5,6,1,1,9,5,14,7,6,3,1,2,6,4,8,5,2,5,1,1,8,6,10,3,4,0,2,0,6,5,20,12,1,1,3,1,8,6,14,11,2,5,0,3
"259",13051004100,96,118,68,128,126,107,78,76,83,89,75,122,141,131,84,124,31,28,17,27,27,14,9,1,33,29,15,34,28,14,8,2,3,5,4,0,7,1,3,1,3,5,3,8,3,1,0,0,3,4,0,4,0,1,0,0,2,2,1,1,1,0,1,0,3,5,0,5,1,3,2,0,4,2,2,2,3,4,0,0
"260",13051004207,58,56,160,82,58,69,41,83,72,61,147,90,78,86,44,200,209,130,153,96,85,54,17,13,181,125,228,148,123,77,33,17,4,14,9,5,9,11,4,1,3,13,12,7,16,19,3,3,9,11,13,4,5,1,3,1,13,9,9,3,1,2,4,1,12,8,21,9,7,0,0,5,16,11,21,10,4,4,3,2
"261",13051004208,179,146,334,209,176,162,131,117,157,175,357,210,190,200,149,200,193,154,145,119,87,63,26,17,201,161,205,191,127,80,28,48,13,8,11,10,4,2,2,5,9,7,18,11,8,6,9,3,24,7,12,6,3,3,1,1,16,15,14,4,5,6,1,1,29,17,32,23,13,6,3,4,19,9,33,18,12,6,7,5
"262",13051004209,90,95,191,151,106,93,60,66,90,94,188,125,118,96,70,120,132,119,148,116,78,32,11,9,124,120,192,118,93,42,18,11,4,5,11,5,4,3,2,0,6,7,16,8,9,5,1,0,13,8,10,7,4,1,2,0,14,6,11,4,3,3,1,2,20,18,56,27,7,5,2,0,18,13,21,15,7,0,1,0
"263",13051004210,123,131,263,207,146,128,82,90,124,129,259,172,162,132,96,165,182,164,204,160,107,43,16,13,171,165,265,162,127,57,25,15,6,7,16,8,6,5,3,0,8,9,22,11,12,7,1,0,18,11,14,9,5,2,3,1,20,8,15,6,5,3,1,2,27,25,77,37,9,6,3,1,25,17,29,20,10,0,2,1
"264",13051004211,145,200,212,230,233,217,139,172,155,210,218,213,259,244,180,242,125,135,121,107,99,60,26,21,120,166,147,129,131,67,31,38,14,10,11,16,12,6,3,2,6,16,9,15,20,11,8,2,8,8,9,7,6,4,3,5,7,16,11,5,11,3,4,3,14,19,15,12,15,4,3,3,15,25,12,15,16,7,2,3
"265",13051004212,129,178,187,203,207,193,124,153,137,186,193,189,230,217,159,214,110,119,107,94,88,53,23,18,107,148,130,115,116,59,28,34,12,8,10,14,10,6,3,1,5,15,8,13,18,10,7,2,7,7,8,7,5,3,3,4,7,15,10,4,9,2,3,2,12,16,13,10,13,4,3,2,13,22,10,14,14,7,1,3
"266",13051004300,80,182,635,88,23,4,4,45,77,34,146,56,14,7,10,147,96,118,343,99,16,2,2,0,76,69,154,87,13,4,1,3,1,5,19,4,2,0,0,0,2,1,7,4,0,1,0,0,17,16,25,5,3,0,0,0,8,7,6,5,2,0,0,0,31,33,111,25,1,1,0,0,33,14,37,21,6,0,0,0
"267",13051004400,1,2,4,0,2,0,1,0,0,2,0,3,1,0,2,0,157,206,101,120,97,82,52,52,156,185,129,151,159,118,98,80,0,0,0,1,0,0,0,0,0,0,0,0,1,0,0,0,1,0,1,0,0,2,0,0,1,1,1,0,1,0,2,0,2,3,1,2,1,0,1,0,0,2,1,1,1,0,1,0
"268",13051004500,10,6,11,16,15,15,2,0,15,6,8,13,16,16,3,4,227,328,187,192,248,216,154,173,216,305,203,217,290,273,208,266,1,0,0,1,2,0,0,1,0,1,0,1,0,0,0,0,4,3,3,0,3,1,0,0,2,1,4,1,1,1,0,1,3,0,1,0,3,0,0,1,3,5,0,2,1,0,0,2
"269",13051010101,8,13,13,16,20,35,17,20,18,7,6,12,22,32,17,23,377,162,59,35,34,8,11,2,293,206,214,139,77,65,40,35,0,0,0,0,1,0,0,0,0,0,0,0,1,1,0,0,2,3,0,1,1,0,0,0,2,0,3,2,2,0,1,0,1,6,1,3,0,2,0,0,4,6,0,3,1,0,1,0
"270",13051010102,84,76,126,116,145,108,71,100,67,73,122,97,143,95,80,200,114,195,200,62,65,51,37,38,112,214,294,70,112,72,40,93,21,11,12,20,20,5,8,7,11,12,20,10,11,4,6,4,4,6,4,2,2,1,1,2,2,8,7,1,1,2,1,2,4,5,4,5,0,0,0,0,4,3,7,3,2,3,0,0
"271",13051010200,115,101,132,141,136,96,46,80,125,100,136,136,162,86,58,189,176,221,103,172,154,114,44,45,180,213,129,184,204,127,51,113,3,4,1,6,6,2,3,1,7,5,7,5,5,2,3,1,8,4,0,3,0,0,0,1,9,6,1,2,1,0,0,0,3,5,9,2,4,1,0,1,3,5,3,4,0,3,0,1
"272",13051010501,196,180,256,244,244,160,93,68,153,149,215,202,193,148,97,95,97,206,324,222,171,63,10,9,109,109,104,139,87,27,9,10,1,0,1,5,0,1,0,0,3,0,2,4,2,2,0,0,11,8,12,11,5,3,2,1,14,10,2,4,6,4,2,4,12,20,51,29,14,4,1,2,14,20,23,8,9,3,1,0
"273",13051010502,59,63,65,69,76,81,61,62,67,42,64,57,90,85,39,89,212,233,115,103,112,71,36,8,212,188,164,165,179,79,29,28,1,1,0,1,2,1,1,0,2,0,1,2,1,2,0,0,3,3,2,1,1,1,0,0,10,2,1,1,2,0,0,1,1,11,3,0,1,3,0,0,3,3,4,5,4,1,0,1
"274",13051010601,132,130,179,183,157,166,123,147,141,100,180,152,170,181,130,212,265,230,173,169,164,109,64,48,253,206,255,232,195,121,68,75,1,6,5,1,4,2,1,0,0,1,1,3,7,1,1,0,12,10,6,2,6,4,3,2,10,11,2,3,7,5,1,4,34,43,121,54,38,12,3,0,40,21,42,20,18,3,3,1
"275",13051010603,62,51,136,116,82,71,55,64,76,44,106,88,71,48,48,96,44,37,33,39,29,14,20,5,61,46,45,52,27,16,16,12,2,0,9,3,5,2,1,0,5,4,9,5,3,2,0,0,4,1,2,0,2,0,2,1,2,1,2,3,2,2,0,1,4,7,11,9,3,1,0,1,3,4,5,6,4,0,2,3
"276",13051010605,0,0,0,0,0,0,0,0,0,0,0,0,0,0,0,0,0,0,0,0,0,0,0,0,0,0,0,0,0,0,0,0,0,0,0,0,0,0,0,0,0,0,0,0,0,0,0,0,0,0,0,0,0,0,0,0,0,0,0,0,0,0,0,0,0,0,0,0,0,0,0,0,0,0,0,0,0,0,0,0
"277",13051010700,154,151,284,289,286,161,126,144,162,156,187,167,195,162,152,228,33,69,280,283,216,62,19,25,35,35,25,22,38,23,16,53,4,2,12,6,2,5,1,2,4,1,3,4,2,4,3,1,5,6,12,14,7,4,0,1,4,3,5,2,4,2,0,1,11,13,24,22,5,3,4,2,4,9,7,4,7,2,1,2
"278",13051010801,181,148,141,197,187,127,104,77,151,158,140,165,171,158,95,97,17,15,6,20,9,5,2,0,16,18,9,21,11,11,0,4,0,2,0,0,2,0,0,0,0,0,0,3,2,2,1,0,4,4,3,2,3,1,1,1,4,4,2,2,2,1,0,1,6,4,2,3,1,1,0,0,4,4,2,2,0,0,0,0
"279",13051010802,135,155,145,148,179,140,68,53,131,144,122,137,179,128,72,68,19,15,9,12,12,5,1,4,12,15,9,15,16,1,3,8,0,0,1,0,0,0,0,0,0,0,0,1,1,0,0,0,0,4,1,2,1,2,0,1,1,0,3,1,2,2,1,1,3,4,3,1,3,2,1,1,5,6,2,0,3,1,0,0
"280",13051010803,433,335,347,433,392,318,188,151,401,339,401,444,404,340,187,232,27,50,20,45,28,12,5,12,42,56,24,50,35,16,6,18,4,11,10,8,15,7,2,0,9,8,8,13,10,7,1,1,20,9,10,6,5,4,1,1,10,11,5,4,8,3,2,1,3,10,7,10,4,1,1,0,14,5,11,5,3,1,0,0
"281",13051010806,235,183,397,338,230,137,68,35,241,172,369,300,229,140,66,51,89,90,65,98,76,36,14,7,83,101,73,117,80,37,15,12,11,7,15,13,14,5,3,2,17,11,20,17,17,7,2,2,17,13,9,8,3,1,0,0,13,12,13,8,5,2,2,1,29,20,27,23,12,6,3,0,14,16,27,25,15,3,2,2
"282",13051010807,229,179,388,330,225,135,66,34,235,168,362,294,225,137,64,49,88,88,63,95,74,36,13,7,81,98,72,115,78,37,15,12,10,7,15,12,14,4,2,2,16,10,20,17,17,6,2,1,16,13,8,8,3,1,0,0,12,11,12,7,4,2,1,1,29,20,27,23,11,5,2,0,14,15,27,24,14,2,1,1
"283",13051010808,210,181,256,250,256,200,104,73,217,156,270,246,251,187,107,78,105,106,74,92,68,34,18,5,104,107,78,118,71,47,17,14,5,6,7,10,6,3,2,1,4,6,10,12,9,4,2,2,13,11,7,6,6,8,1,1,13,11,7,5,8,5,2,4,20,18,34,18,11,5,1,1,16,13,11,15,7,5,2,1
"284",13051010809,181,156,221,215,220,172,89,63,187,135,233,212,217,162,93,67,90,91,64,80,59,29,15,4,89,93,67,101,61,41,15,12,5,5,6,9,5,3,1,1,4,5,8,10,8,3,1,2,11,9,6,5,5,7,1,1,12,10,6,5,7,5,1,4,18,15,29,16,10,4,0,0,13,12,9,13,6,5,1,0
"285",13051010901,86,96,207,133,122,85,49,87,88,117,176,140,134,104,101,224,144,113,145,123,74,20,8,13,146,85,194,135,92,25,16,15,3,4,12,9,6,4,1,1,2,4,6,13,8,4,3,2,10,8,9,7,2,2,1,0,12,9,13,3,1,2,0,1,28,15,30,21,5,5,2,1,16,10,37,7,9,4,1,2
"286",13051011003,349,394,231,388,467,368,211,163,330,347,244,415,493,369,207,227,64,70,42,53,39,43,25,18,71,41,52,60,53,50,26,31,4,4,3,4,4,4,2,3,2,1,2,4,11,4,5,3,12,7,4,9,3,1,1,0,10,8,4,4,3,3,1,0,7,9,7,9,5,3,2,0,7,5,9,12,5,5,3,2
"287",13051011004,267,313,85,190,358,237,142,150,257,260,95,248,374,250,160,207,6,5,8,3,7,12,4,2,6,3,2,6,12,7,3,1,2,0,0,4,1,4,2,3,1,1,1,1,4,8,1,1,5,0,2,0,1,2,0,0,4,1,0,0,1,1,1,0,4,1,3,0,3,3,0,2,2,7,2,3,2,2,0,1
"288",13051011005,82,143,32,72,150,300,495,518,89,118,48,84,185,422,509,442,2,1,0,0,2,2,1,1,0,2,0,2,2,4,0,0,2,5,2,2,5,7,2,2,2,5,1,2,5,6,3,1,2,0,0,1,1,1,1,2,2,2,1,0,2,1,1,1,1,2,1,1,4,4,3,2,1,2,2,0,2,3,2,1
"289",13051011006,68,119,27,59,125,249,410,430,73,98,39,70,153,350,422,366,1,1,0,0,1,2,1,1,0,1,0,1,2,3,0,0,2,4,1,2,5,5,2,1,1,4,1,2,5,5,3,0,1,0,0,0,0,1,0,2,1,2,1,0,2,1,1,0,1,1,1,0,4,3,2,1,0,2,2,0,1,2,1,1
"290",13051011103,111,161,145,232,326,312,226,197,121,126,129,215,371,339,226,277,0,2,3,2,1,4,4,12,7,2,5,2,4,6,1,9,4,2,0,2,2,1,2,0,1,4,0,5,1,1,3,1,2,1,1,1,5,3,1,2,3,2,5,2,5,2,3,1,7,6,3,6,4,1,3,2,1,1,5,4,2,2,1,2
"291",13051011104,290,294,265,394,374,263,119,128,310,306,251,421,396,292,153,180,12,29,9,13,25,11,7,2,15,19,9,22,24,12,5,5,4,9,5,12,10,7,1,1,14,16,7,9,14,3,4,2,7,10,5,3,3,5,1,0,4,11,1,4,3,1,1,1,5,7,4,6,3,0,0,1,10,4,3,8,0,2,1,1
"292",13051011106,233,223,213,293,311,245,134,135,210,210,204,281,342,252,135,164,32,47,14,35,36,18,8,7,41,38,27,39,40,23,4,9,12,5,14,20,16,11,3,3,23,14,17,26,14,9,4,2,5,8,11,6,2,3,1,1,11,10,7,7,0,1,1,1,7,12,7,7,8,5,2,1,7,9,8,5,7,5,0,2
"293",13051011107,191,183,175,241,256,201,110,112,173,172,168,231,281,207,111,135,26,39,11,29,30,14,7,5,34,31,22,32,33,19,4,7,9,5,12,17,14,9,3,2,19,11,14,22,12,8,4,1,5,6,9,5,2,3,1,0,9,8,6,6,0,1,0,1,6,9,6,6,6,4,1,0,5,8,6,5,5,5,0,2
"294",13051011108,201,177,123,230,253,175,91,86,183,177,153,255,260,182,96,104,10,7,5,8,5,10,6,0,8,9,7,10,8,8,5,3,4,9,4,7,6,4,1,2,5,7,5,7,7,3,2,3,3,3,2,2,2,1,0,1,4,2,1,1,3,2,0,0,6,4,4,3,3,2,1,0,7,4,1,6,1,0,2,0
"295",13051011109,425,374,259,485,532,370,192,180,385,373,322,537,547,384,203,219,22,14,11,17,12,20,13,0,16,20,14,20,18,16,12,6,8,20,9,16,14,9,1,3,10,15,10,16,14,7,4,5,7,6,4,4,3,3,0,1,7,5,1,2,7,3,1,1,12,7,9,5,6,4,1,0,15,7,3,12,3,1,3,0
"296",13051011200,20,26,297,86,64,73,52,27,18,68,298,87,62,68,29,21,32,34,30,21,20,15,10,9,32,55,51,27,23,14,11,12,0,3,16,4,0,2,0,0,1,5,14,3,0,2,0,2,2,0,8,1,1,0,0,1,2,6,4,4,2,0,0,0,1,3,21,1,0,0,1,0,0,1,17,5,1,0,1,0
"297",13051011300,4,8,111,35,23,8,4,1,3,11,89,21,19,7,5,5,137,191,90,88,94,78,46,42,145,168,116,141,140,71,62,95,0,0,1,1,0,0,0,0,0,0,1,0,0,0,0,0,2,0,6,2,1,0,0,0,2,0,4,1,3,0,1,0,1,3,3,2,2,0,0,1,2,1,1,5,1,1,0,0
"298",13051011400,10,7,92,43,20,28,17,20,5,16,65,32,22,23,23,42,131,124,83,110,122,94,55,68,114,127,108,146,114,71,96,195,1,1,4,0,2,1,0,0,0,1,2,0,2,0,0,0,2,1,2,3,1,1,1,2,3,2,0,5,1,2,1,2,1,0,2,2,1,0,1,1,2,0,4,0,1,1,1,1
"299",13051011500,135,134,90,155,177,173,81,71,146,120,105,170,242,177,84,96,37,54,17,42,43,35,16,18,31,53,19,54,59,41,24,30,3,2,0,2,3,1,0,2,3,0,4,6,6,3,2,1,6,3,1,6,3,1,2,0,4,9,2,5,4,1,2,0,9,1,5,8,1,1,1,0,3,2,5,4,4,1,1,1
"300",13051011600,3,8,3,5,5,6,2,5,2,7,5,8,2,4,2,7,205,165,93,122,113,96,72,85,202,174,147,161,137,116,94,145,0,0,0,0,0,0,0,0,0,0,0,0,0,0,0,0,1,1,1,1,0,1,0,0,2,4,2,1,4,1,3,2,1,1,1,0,0,1,2,0,0,2,1,1,1,0,0,1
"301",13065970100,0,0,0,0,0,0,0,0,0,0,0,0,0,0,0,0,0,0,0,0,0,0,0,0,0,0,0,0,0,0,0,0,0,0,0,0,0,0,0,0,0,0,0,0,0,0,0,0,0,0,0,0,0,0,0,0,0,0,0,0,0,0,0,0,0,0,0,0,0,0,0,0,0,0,0,0,0,0,0,0
"302",13069010300,0,0,0,0,0,0,0,0,0,0,0,0,0,0,0,0,0,0,0,0,0,0,0,0,0,0,0,0,0,0,0,0,0,0,0,0,0,0,0,0,0,0,0,0,0,0,0,0,0,0,0,0,0,0,0,0,0,0,0,0,0,0,0,0,0,0,0,0,0,0,0,0,0,0,0,0,0,0,0,0
"303",13103030100,163,174,158,166,187,165,82,71,157,177,154,161,185,141,81,85,43,42,30,35,30,36,23,15,48,56,38,43,40,32,22,13,1,0,1,0,0,0,0,0,0,0,0,0,1,0,0,0,9,3,3,5,1,4,3,1,10,1,6,6,3,3,1,0,6,5,1,2,1,2,1,0,2,3,4,3,0,2,0,0
"304",13103030202,199,227,130,227,231,173,98,70,206,229,145,223,234,143,101,136,54,70,46,40,63,33,27,31,78,94,42,74,66,32,31,38,0,0,2,0,0,1,1,0,0,1,0,1,1,1,1,0,2,2,3,3,3,2,1,0,2,2,3,3,2,0,2,0,3,1,5,5,3,0,2,1,10,4,4,2,4,1,1,0
"305",13103030203,312,323,255,337,316,208,142,103,288,280,258,341,308,198,126,162,103,131,81,73,79,35,23,20,111,109,73,85,77,47,26,38,1,0,0,0,0,0,0,0,0,1,0,1,1,0,1,1,9,9,3,3,4,4,4,1,11,8,5,5,4,3,1,0,7,7,5,4,4,2,1,1,9,4,5,4,2,3,1,0
"306",13103030204,199,206,163,215,202,132,90,65,184,179,164,217,196,126,80,103,65,84,52,47,50,22,15,13,71,69,46,54,49,30,17,25,0,0,0,0,0,0,0,0,0,1,0,1,0,0,0,0,5,5,2,2,2,3,2,1,7,5,3,3,3,2,0,0,5,5,4,2,3,1,1,0,5,2,3,3,2,2,0,0
"307",13103030301,222,233,111,247,278,158,61,47,231,235,143,260,265,122,62,59,12,9,1,9,8,2,1,1,7,9,2,9,5,3,2,2,1,1,0,1,1,1,1,0,2,2,1,4,5,3,0,0,5,3,1,0,2,0,1,0,6,5,1,2,2,2,0,0,6,5,2,2,8,2,1,0,2,2,2,3,3,0,1,1
"308",13103030303,123,126,85,124,127,80,43,30,110,114,90,136,114,82,45,44,17,19,11,15,11,10,2,3,21,19,18,17,17,6,4,4,2,0,1,2,0,0,0,0,2,1,2,2,1,1,1,0,3,3,1,1,1,0,0,0,2,3,2,3,1,2,0,0,4,3,3,5,2,1,0,0,5,4,3,3,2,1,0,0
"309",13103030304,344,353,238,347,356,224,121,83,307,319,251,381,318,229,125,124,48,52,30,42,32,28,7,8,60,54,51,48,46,16,13,10,4,1,3,6,0,1,1,0,5,3,5,6,2,4,3,0,8,8,4,2,4,1,0,0,5,8,6,8,2,5,1,1,11,7,9,13,6,2,0,0,13,11,9,9,6,2,1,0
"310",13103030305,328,337,227,332,340,213,115,80,293,305,239,363,303,218,120,118,45,50,29,40,31,27,7,8,57,52,49,46,44,16,12,10,4,1,2,6,0,1,1,0,5,2,5,6,2,4,2,0,7,8,4,2,4,1,0,0,5,7,6,8,2,5,1,1,10,7,9,12,5,2,0,0,12,10,8,8,6,2,1,0
"311",13103030401,308,319,231,317,326,224,140,71,266,294,241,319,322,227,123,115,10,22,7,12,14,8,6,3,13,14,6,13,15,5,5,10,0,0,0,1,1,2,0,0,0,1,2,2,2,1,0,0,6,5,2,5,5,2,1,2,4,8,2,3,4,2,0,2,6,2,4,4,4,0,1,0,3,8,2,1,5,0,0,2
"312",13103030402,307,319,230,317,325,224,139,71,265,294,241,318,321,226,123,114,10,21,7,12,14,8,5,3,13,13,6,13,14,5,5,10,0,0,0,1,1,1,0,0,0,1,1,1,2,1,0,0,5,5,2,5,5,2,1,1,4,8,1,3,4,2,0,1,5,2,4,3,4,0,1,0,3,8,2,1,5,0,0,1
"313",13109970100,148,169,138,162,139,130,91,64,109,145,129,159,159,110,82,81,44,45,28,39,22,21,11,9,44,47,36,32,24,17,7,13,0,0,0,0,0,0,0,0,0,0,0,1,0,0,0,0,1,0,0,1,1,0,0,0,2,0,0,1,0,1,1,2,21,24,24,16,5,5,3,3,18,17,20,14,5,4,1,2
"314",13109970200,128,174,124,139,185,137,102,122,137,160,116,155,181,155,144,175,125,132,80,67,64,41,29,30,123,115,95,90,83,57,52,56,1,2,1,1,2,3,2,0,1,1,0,3,2,3,0,1,2,3,0,1,1,2,0,0,3,1,1,1,2,1,1,0,12,11,41,14,11,0,2,1,18,8,30,7,5,0,1,1
"315",13109970300,137,124,137,145,132,117,72,87,96,132,138,150,163,105,98,151,145,163,132,117,107,54,30,44,138,155,131,162,149,74,47,113,0,2,0,0,2,0,0,0,0,0,0,2,0,1,1,0,2,3,3,2,3,4,0,1,5,2,3,2,3,2,1,1,18,38,54,37,25,6,2,1,24,19,25,18,8,4,1,1
"316",13127000101,55,59,68,80,98,115,85,96,46,60,62,97,117,138,90,132,4,9,2,4,5,4,2,3,5,8,2,6,5,5,6,9,2,1,1,2,2,1,0,0,1,2,0,2,1,0,1,0,0,1,0,1,1,1,0,0,1,0,2,0,1,1,0,1,4,4,6,3,3,2,1,1,3,2,2,4,2,2,0,1
"317",13127000102,129,138,157,187,227,268,198,224,106,140,144,225,271,320,210,307,8,22,6,9,11,9,5,8,11,18,5,14,10,10,14,20,3,1,3,3,3,1,1,0,2,3,1,5,3,1,1,0,1,1,1,1,1,1,1,0,1,0,5,1,1,3,1,2,10,8,13,8,6,4,2,1,7,3,5,8,3,3,1,2
"318",13127000200,257,273,142,277,399,316,193,250,253,291,148,323,453,378,243,426,2,5,1,2,3,6,3,12,2,8,1,4,7,8,10,16,6,4,1,4,3,3,3,0,4,1,7,4,7,4,0,0,6,2,3,4,1,1,1,2,2,7,2,1,4,1,0,0,5,4,6,3,2,3,1,0,7,8,4,7,11,6,1,2
"319",13127000300,194,254,111,188,290,348,283,394,186,265,108,238,358,401,292,426,12,17,9,11,17,17,7,6,6,22,8,17,21,16,11,12,2,1,1,0,2,2,3,1,4,1,4,4,0,1,1,1,3,1,0,2,2,3,1,2,5,2,1,2,2,5,0,2,7,8,2,7,6,2,0,0,9,3,1,11,3,4,2,3
"320",13127000401,412,405,308,415,464,325,197,104,377,391,327,435,483,344,185,150,38,69,33,40,53,28,21,23,47,48,28,45,55,30,26,30,1,2,1,0,3,1,1,0,2,2,0,3,9,1,1,0,10,7,0,4,6,3,1,1,12,8,0,6,4,0,2,1,11,5,3,10,5,4,2,4,11,7,5,7,7,5,0,1
"321",13127000403,195,208,144,189,214,170,98,68,188,222,141,227,248,170,101,89,30,90,32,25,26,13,11,5,28,72,30,24,35,19,8,9,1,1,1,1,1,1,1,0,1,3,3,3,1,3,1,0,9,4,4,4,3,3,1,1,7,5,2,3,2,3,0,1,8,9,6,6,4,8,0,0,8,9,4,7,6,1,1,1
"322",13127000404,344,368,253,333,377,301,173,121,331,391,250,401,437,300,179,158,52,158,57,43,46,23,19,10,49,126,53,42,63,33,13,16,3,2,1,2,3,2,1,0,2,5,5,4,2,5,1,1,15,8,8,8,4,4,1,1,12,9,4,5,4,5,1,2,13,15,10,10,7,13,1,0,14,15,8,12,10,1,2,1
"323",13127000501,84,87,72,95,109,100,111,151,73,68,90,106,109,122,139,402,161,173,103,91,99,84,63,77,142,163,127,128,147,116,69,153,1,2,1,1,2,2,2,1,0,4,2,2,3,3,1,1,4,1,2,1,2,1,2,1,9,2,4,1,2,3,0,2,0,2,8,2,6,1,5,1,5,5,4,2,1,3,1,3
"324",13127000503,98,105,158,129,130,108,77,69,81,94,143,118,125,124,93,112,136,137,96,88,89,59,28,19,141,158,119,130,119,69,47,32,4,0,4,5,0,2,1,0,2,0,5,6,1,4,0,0,13,2,11,3,2,5,2,2,9,8,2,4,4,5,2,0,14,8,21,14,3,4,1,0,8,4,13,12,7,2,0,2
"325",13127000504,106,113,170,139,139,116,82,75,86,100,153,126,135,133,99,120,146,148,103,94,96,63,30,21,152,170,128,140,128,74,50,35,5,0,4,5,0,3,2,1,2,1,5,6,2,4,1,0,13,3,11,4,3,5,3,2,9,8,3,5,4,5,3,1,14,8,22,15,4,4,1,1,9,4,14,12,8,2,1,2
"326",13127000600,265,274,218,280,327,285,217,193,248,234,235,320,302,291,250,299,40,34,33,36,27,6,10,12,48,31,34,35,22,10,6,6,4,1,6,0,5,0,1,0,4,4,1,3,3,3,2,0,3,0,7,6,1,2,3,0,5,1,1,4,2,6,1,1,12,22,36,19,13,4,2,1,11,11,7,11,6,2,4,1
"327",13127000700,161,149,177,167,163,147,112,135,141,142,165,162,188,153,159,287,415,413,232,257,266,186,90,104,408,406,318,337,359,208,150,192,3,1,5,3,0,0,0,0,3,1,3,4,1,1,1,0,19,6,10,7,5,6,5,1,13,5,8,2,4,8,1,2,16,9,23,15,13,3,2,0,19,21,8,7,6,3,1,1
"328",13127000800,20,31,52,62,52,37,24,22,27,27,33,38,31,39,27,53,287,302,237,226,232,133,87,71,312,277,235,256,217,154,114,145,0,0,0,0,0,0,0,0,0,0,0,0,0,1,0,0,4,5,4,1,3,6,1,1,11,2,2,1,1,4,0,2,19,19,51,36,3,2,1,1,25,16,31,17,1,4,0,2
"329",13127000900,91,113,123,137,169,117,86,91,90,105,104,133,150,144,80,170,205,158,79,95,99,61,38,30,182,152,154,125,112,72,51,71,0,2,1,0,3,1,0,0,0,0,1,2,3,0,0,0,14,8,4,5,8,2,2,1,12,11,5,3,8,3,1,0,60,70,150,62,24,13,7,2,39,36,62,22,17,5,5,2
"330",13127001000,306,365,262,343,423,404,275,286,296,290,263,386,440,421,255,335,36,64,31,35,51,33,29,24,55,53,31,48,67,27,31,23,0,0,2,2,1,0,0,0,0,1,2,0,3,0,1,0,7,6,4,3,7,10,0,1,10,11,6,3,1,8,3,4,4,9,4,4,4,3,1,1,7,9,1,7,6,3,1,0
"331",13165960200,0,0,0,0,0,0,0,0,0,0,0,0,0,0,0,0,0,0,0,0,0,0,0,0,0,0,0,0,0,0,0,0,0,0,0,0,0,0,0,0,0,0,0,0,0,0,0,0,0,0,0,0,0,0,0,0,0,0,0,0,0,0,0,0,0,0,0,0,0,0,0,0,0,0,0,0,0,0,0,0
"332",13179010101,215,234,747,185,31,2,0,0,200,83,258,116,23,3,1,0,190,169,436,168,36,0,0,0,181,108,198,130,25,2,2,1,5,9,24,4,2,0,0,0,4,2,13,12,3,0,0,0,36,20,39,9,1,0,0,0,32,9,19,10,2,0,0,0,73,66,156,44,6,1,0,0,67,25,68,36,7,1,0,1
"333",13179010102,206,225,718,178,30,2,0,0,192,80,248,112,22,3,1,0,182,162,419,161,35,0,0,0,174,104,190,125,24,2,2,1,5,9,23,4,2,0,0,0,4,2,12,12,3,0,0,0,34,19,37,9,1,0,0,0,31,8,18,9,2,0,0,0,70,63,150,42,6,1,0,0,64,24,65,35,7,1,0,1
"334",13179010103,204,222,710,176,30,2,0,0,190,79,245,110,22,3,1,0,180,160,414,160,34,0,0,0,172,102,188,123,24,2,2,1,5,8,23,4,2,0,0,0,4,2,12,11,3,0,0,0,34,19,37,8,1,0,0,0,31,8,18,9,2,0,0,0,70,62,148,42,6,1,0,0,64,24,64,34,7,1,0,1
"335",13179010202,151,99,244,126,97,60,32,10,140,92,200,136,89,46,32,21,216,214,261,187,146,56,18,11,219,254,214,220,157,70,18,20,8,13,9,6,8,0,0,2,8,4,10,15,26,14,2,3,43,30,22,12,9,3,1,1,36,20,24,16,5,3,1,0,46,41,58,30,18,8,5,0,46,32,52,30,31,9,10,1
"336",13179010204,115,67,214,101,56,24,12,13,140,73,162,76,67,22,13,14,185,157,145,162,131,59,26,23,201,182,152,175,116,77,29,31,2,0,2,1,0,0,0,0,3,0,5,1,4,1,0,0,24,2,11,5,1,1,0,0,18,7,18,13,5,0,0,0,28,8,41,19,7,1,0,0,22,17,17,10,6,1,0,1
"337",13179010205,247,166,258,222,170,105,65,37,228,184,225,224,168,107,64,41,279,246,172,173,175,53,13,6,259,258,205,228,170,58,15,11,7,6,4,6,4,2,1,0,6,6,3,14,18,12,4,3,38,33,12,10,9,3,1,1,32,28,17,15,8,3,3,1,51,40,48,36,21,5,1,1,58,53,55,32,28,8,4,1
"338",13179010206,137,93,144,123,95,59,36,21,127,103,126,124,94,60,35,23,155,137,96,97,97,30,8,3,144,143,114,127,95,33,9,6,4,3,2,3,2,1,0,0,3,4,2,8,10,7,2,1,21,18,6,6,5,1,1,0,18,15,10,8,4,2,1,1,29,23,26,20,11,3,0,0,33,30,30,18,16,4,2,0
"339",13179010207,167,97,219,168,74,36,9,8,147,108,196,149,78,35,14,9,277,212,205,247,140,35,6,4,253,213,195,268,132,37,13,7,6,4,3,6,6,1,0,0,5,8,9,14,15,7,1,1,41,23,19,15,6,1,0,0,35,22,22,15,7,4,0,0,56,39,57,37,22,5,1,1,61,36,48,43,16,9,4,2
"340",13179010208,173,101,228,175,77,37,10,8,153,112,204,155,81,37,14,10,289,220,214,257,145,37,7,4,263,221,202,279,138,38,14,7,6,5,3,6,6,1,0,0,6,8,10,14,15,8,1,2,42,24,19,15,6,2,0,0,37,23,22,16,8,5,0,0,58,40,59,39,23,5,1,2,64,38,50,44,17,10,4,3
"341",13179010300,262,197,398,294,220,182,112,71,223,236,320,285,215,182,137,113,231,216,272,224,184,54,23,19,253,222,264,220,186,59,44,49,12,5,18,6,12,4,1,2,6,8,27,17,30,17,5,2,45,38,24,21,15,3,1,1,48,32,27,18,14,9,1,6,58,65,94,49,21,7,3,2,72,66,80,50,45,14,8,6
"342",13179010400,207,199,353,253,227,157,75,61,200,216,311,211,204,141,89,87,249,237,312,252,193,73,30,25,254,259,238,229,197,82,42,45,7,10,8,5,4,0,3,0,8,4,11,12,36,18,5,0,38,28,24,11,14,3,1,0,32,27,27,15,8,5,3,2,60,45,77,33,22,7,1,1,58,54,51,35,25,8,3,1
"343",13179010501,143,151,120,183,184,163,112,85,130,136,122,175,188,142,104,96,85,85,42,65,68,53,32,32,70,81,52,73,81,53,37,57,0,2,0,1,0,0,1,1,2,1,0,2,3,4,2,1,4,7,2,2,1,3,1,1,6,9,3,4,4,2,1,1,3,7,2,5,5,3,1,1,3,7,1,4,5,0,1,2
"344",13179010502,159,168,134,202,204,181,125,95,144,151,135,194,208,157,115,106,95,95,47,72,75,59,35,36,78,89,58,80,90,58,40,64,1,2,1,1,1,0,1,1,2,2,1,2,3,4,2,1,4,8,2,2,2,4,2,1,7,10,4,4,5,2,2,2,3,8,2,6,5,4,1,1,4,8,2,4,6,1,2,2
"345",13179010600,12,24,13,16,25,21,12,5,12,20,9,24,15,16,7,7,132,151,87,104,113,84,59,59,113,161,76,112,141,103,63,79,0,0,0,0,0,0,0,0,0,0,0,0,0,0,0,0,0,0,0,0,0,0,0,0,0,3,0,1,0,0,1,1,1,0,3,1,0,0,0,0,0,0,3,0,2,1,2,0
"346",13183970100,351,277,443,328,224,159,111,45,318,269,350,291,225,174,100,84,147,119,97,92,81,32,24,19,154,139,110,122,83,39,34,21,4,3,3,2,0,1,0,1,5,2,10,7,8,3,3,1,34,25,12,9,3,3,2,0,28,20,9,16,7,3,2,1,100,73,128,80,41,15,5,2,99,60,71,48,28,6,3,2
"347",13183970200,294,209,311,229,167,137,74,64,265,231,267,215,171,115,84,96,122,107,75,84,66,41,17,20,118,116,85,79,82,45,19,40,0,0,0,0,0,0,0,0,0,1,0,0,2,1,1,0,13,11,13,4,3,2,0,1,14,12,6,8,6,0,2,0,11,10,16,3,0,4,2,1,15,11,16,3,9,6,2,0
"348",13183980000,0,0,0,0,0,0,0,0,0,0,0,0,0,0,0,0,0,0,0,0,0,0,0,0,0,0,0,0,0,0,0,0,0,0,0,0,0,0,0,0,0,0,0,0,0,0,0,0,0,0,0,0,0,0,0,0,0,0,0,0,0,0,0,0,0,0,0,0,0,0,0,0,0,0,0,0,0,0,0,0
"349",13191110100,167,133,101,166,195,220,167,107,133,120,100,157,190,216,148,106,68,94,58,53,84,55,30,35,87,75,59,70,92,74,38,72,0,0,1,0,0,0,0,0,1,0,1,4,1,0,0,0,2,3,0,1,2,2,0,3,1,6,4,3,2,2,0,2,5,1,4,0,1,2,1,0,3,2,5,2,0,1,0,0
"350",13191110200,140,137,108,127,174,126,109,68,121,117,114,144,162,117,90,65,171,150,84,113,118,63,51,59,149,167,115,132,137,97,65,78,0,0,2,0,0,0,0,1,1,2,1,0,1,1,1,0,5,2,5,1,2,6,4,2,6,8,2,3,6,3,4,1,3,5,4,0,3,2,1,0,5,2,1,2,0,4,1,0
"351",13191110300,181,180,107,177,157,119,115,78,157,146,128,163,177,149,115,113,82,196,62,73,69,53,31,28,114,93,65,86,76,66,37,47,3,3,0,0,1,0,0,0,1,4,0,0,1,0,0,1,6,3,2,2,3,4,0,2,5,4,2,4,5,3,0,0,1,11,3,2,4,3,0,1,5,2,1,2,0,2,0,2
"352",13191980000,0,0,0,0,0,0,0,0,0,0,0,0,0,0,0,0,0,0,0,0,0,0,0,0,0,0,0,0,0,0,0,0,0,0,0,0,0,0,0,0,0,0,0,0,0,0,0,0,0,0,0,0,0,0,0,0,0,0,0,0,0,0,0,0,0,0,0,0,0,0,0,0,0,0,0,0,0,0,0,0
"353",13229960100,150,156,132,149,163,127,97,84,149,134,136,146,140,139,105,127,32,28,8,11,26,23,10,12,21,45,19,17,33,22,18,19,0,2,1,0,0,0,0,0,1,0,0,2,1,0,0,0,2,6,1,2,1,2,1,1,1,2,0,2,0,2,3,1,8,8,9,7,4,0,0,0,3,6,5,3,2,0,0,0
"354",13229960200,98,103,85,100,109,79,50,41,84,90,75,103,102,88,51,58,7,12,3,7,12,5,0,2,8,12,6,8,6,5,3,0,1,1,0,0,1,0,0,0,1,0,0,0,1,0,1,0,1,5,0,0,1,4,0,0,4,3,0,0,2,1,0,0,20,30,31,14,12,2,1,1,11,5,9,9,1,2,0,1
"355",13229960300,239,298,240,256,282,287,170,146,251,265,238,277,319,287,191,280,86,84,52,64,72,54,39,26,92,89,60,64,68,72,48,75,1,0,0,0,0,1,0,0,1,2,0,0,1,0,0,0,1,1,0,3,4,0,2,2,5,3,1,3,5,0,0,2,7,9,12,11,2,3,3,1,10,5,6,1,4,0,3,3
"356",13229960400,450,477,374,449,412,387,235,179,369,436,359,473,425,405,258,245,22,19,7,21,13,8,0,2,24,29,18,25,12,3,2,1,0,0,0,0,1,0,0,0,0,0,0,3,2,0,0,0,11,5,3,5,4,2,2,1,7,6,2,4,2,2,1,1,5,9,6,11,1,3,2,0,5,9,6,5,3,4,2,2
"357",13251970200,62,70,45,75,79,62,47,43,76,60,45,78,66,66,56,41,79,109,51,66,68,38,24,30,92,113,64,65,93,40,35,50,2,0,0,1,0,0,0,0,1,0,0,2,0,0,0,0,1,1,1,0,0,0,1,0,0,0,2,0,2,1,0,0,0,1,0,1,1,0,1,0,0,2,0,1,1,1,0,1
"358",13251970300,146,139,105,154,162,113,89,126,120,160,107,141,153,143,116,244,110,160,127,122,125,83,35,50,122,144,102,109,135,82,46,68,2,1,1,4,1,0,0,0,2,2,1,1,1,0,0,0,1,1,4,2,0,1,0,2,2,2,1,1,2,2,2,2,7,3,5,4,2,1,1,0,3,7,8,5,5,2,2,0
"359",13251970400,174,207,120,182,182,194,114,115,150,153,132,181,198,159,142,195,223,193,132,105,121,88,44,53,245,198,192,148,207,121,67,118,2,0,0,3,0,1,0,1,1,0,3,1,1,2,0,1,2,3,0,0,4,0,0,0,1,5,0,1,2,1,0,0,1,7,4,2,2,0,1,0,1,1,1,4,1,5,0,2
"360",13251970500,93,75,68,92,118,82,61,72,62,91,80,84,91,84,77,85,101,115,51,85,87,42,45,32,99,112,69,75,87,57,59,46,0,0,0,1,0,0,0,0,0,0,0,0,0,0,0,0,1,3,2,2,3,1,0,0,4,2,1,1,0,3,0,2,4,3,1,2,3,1,0,0,6,4,3,5,3,3,2,1
"361",13251970600,66,83,73,69,92,70,45,48,54,65,66,77,80,71,56,65,70,82,45,51,66,42,28,31,59,102,41,54,79,52,26,41,0,0,0,0,0,0,0,0,0,0,0,0,0,1,0,0,0,0,1,0,1,0,0,1,0,0,1,0,0,0,0,0,1,3,1,0,0,0,0,0,2,1,1,0,0,0,0,0
"362",13267950100,133,150,117,145,142,173,122,143,125,126,127,138,162,146,147,217,55,61,27,31,46,31,24,16,48,86,39,51,53,39,17,31,0,0,0,1,0,0,0,0,1,0,1,0,0,0,0,0,5,1,1,0,3,2,0,1,3,2,0,2,1,3,1,1,34,32,61,35,6,7,1,1,28,18,31,17,5,4,2,0
"363",13267950201,109,126,183,216,187,133,73,60,113,111,113,130,131,112,86,99,66,90,346,325,188,60,22,22,54,58,45,55,42,39,22,25,0,0,2,1,0,0,0,0,1,0,0,0,1,2,0,0,3,4,1,0,1,2,1,0,3,4,1,1,2,1,0,1,43,50,86,40,20,9,3,1,45,32,30,22,5,4,3,0
"364",13267950202,149,171,249,295,255,180,99,81,154,150,153,178,179,153,118,134,90,122,470,442,256,82,30,29,73,80,61,75,58,52,31,34,0,1,2,1,0,1,1,0,2,1,1,1,2,2,0,0,3,5,1,1,2,2,2,1,4,6,1,2,3,1,1,2,58,68,117,54,27,12,5,2,61,43,40,29,6,6,4,0
"365",13267950300,134,186,265,288,242,186,114,125,147,152,158,180,172,152,137,273,121,133,449,326,193,75,44,40,132,135,86,97,89,55,61,67,2,0,0,1,0,0,0,0,0,0,1,0,2,1,1,1,2,1,1,2,4,1,1,0,2,1,0,1,2,0,0,1,11,9,15,9,7,0,1,0,4,15,10,4,2,3,0,0
"366",13267950400,218,252,177,256,236,195,139,142,192,229,202,243,248,202,180,202,78,99,42,45,62,41,18,17,59,84,36,62,59,35,33,16,3,4,1,2,3,1,0,0,1,2,3,2,5,1,2,0,8,4,3,1,1,2,0,1,7,5,5,4,2,1,0,1,42,63,145,68,43,8,4,0,68,28,59,31,14,7,4,2
"367",13279970600,0,0,0,0,0,0,0,0,0,0,0,0,0,0,0,0,0,0,0,0,0,0,0,0,0,0,0,0,0,0,0,0,0,0,0,0,0,0,0,0,0,0,0,0,0,0,0,0,0,0,0,0,0,0,0,0,0,0,0,0,0,0,0,0,0,0,0,0,0,0,0,0,0,0,0,0,0,0,0,0
"368",13299950100,98,100,108,120,105,99,65,55,116,122,102,112,108,86,58,65,2,6,1,5,4,1,2,2,0,2,6,3,4,2,4,5,0,0,0,0,0,0,0,0,0,0,0,0,0,0,0,0,3,3,0,1,1,1,1,1,3,0,0,1,0,0,2,0,2,2,5,3,2,0,0,0,1,1,2,0,0,0,0,0
"369",13299950200,325,361,394,435,425,370,181,223,322,299,325,350,340,308,206,502,7,49,448,308,149,37,4,5,4,22,5,6,3,5,2,7,0,0,1,3,0,0,0,0,0,1,0,1,1,0,0,0,6,2,1,4,2,2,0,1,9,6,0,4,3,4,1,3,20,15,34,15,9,2,2,0,16,9,13,6,4,1,3,1
"370",13299950300,76,109,98,99,106,123,95,97,75,98,86,84,121,124,121,152,39,44,23,24,27,21,16,19,31,56,24,36,44,29,21,45,0,0,0,0,0,0,0,0,0,0,0,0,0,0,0,1,0,1,0,0,1,2,0,1,0,0,2,0,0,0,0,1,3,1,2,1,1,0,1,0,0,3,1,0,2,0,1,0
"371",13299950400,7,15,33,24,18,18,7,12,7,6,13,10,11,18,16,36,155,176,104,111,102,96,75,90,148,167,111,128,128,116,110,182,0,1,0,1,0,0,0,0,0,1,0,0,0,1,0,1,4,3,0,0,1,1,1,1,3,3,1,1,0,0,1,1,1,3,3,1,0,1,0,0,0,1,1,0,0,1,1,3
"372",13299950500,174,221,154,225,231,198,190,258,178,168,179,204,270,247,248,469,110,124,64,63,77,64,37,41,102,122,79,91,118,83,52,88,3,1,1,2,3,3,0,1,2,2,2,9,5,3,4,1,10,4,1,1,1,2,0,1,4,5,0,3,2,0,2,3,4,4,4,1,0,5,2,0,5,3,2,3,2,3,1,0
"373",13299950600,237,274,205,252,351,310,198,260,226,276,247,273,393,319,259,419,76,43,37,29,32,9,10,5,77,48,61,53,21,18,11,3,11,8,2,4,6,4,1,0,1,4,5,6,4,5,5,1,2,4,0,4,2,0,1,1,6,5,1,4,5,0,1,2,5,8,9,6,5,3,1,2,13,5,9,9,6,2,3,1
"374",13299950700,27,16,30,45,50,33,22,17,21,30,24,29,22,32,20,32,133,169,82,114,125,68,23,26,138,138,112,104,114,80,26,59,3,2,2,2,2,0,1,0,0,0,3,3,3,1,0,0,5,3,2,1,4,1,2,0,5,3,1,2,0,3,1,1,2,2,1,1,2,0,1,0,1,0,1,3,0,1,0,0
"375",13299950800,287,295,254,273,282,236,184,132,263,249,268,272,286,274,198,230,192,210,95,120,106,60,36,25,194,173,152,157,131,79,48,47,0,0,0,1,0,0,0,0,0,1,0,2,0,0,0,0,4,7,3,5,2,2,1,0,3,5,2,1,4,2,3,3,34,25,55,26,14,3,2,1,30,15,27,20,8,5,4,2
"376",13299950900,211,226,209,228,226,181,124,110,207,219,203,241,228,190,140,158,82,112,77,79,72,50,17,39,91,105,71,76,87,62,35,60,1,2,4,0,2,1,2,0,1,0,1,1,1,1,1,0,7,1,0,4,3,1,1,0,8,5,0,2,1,2,0,1,10,4,6,5,5,6,2,0,14,6,4,2,4,0,6,2
"377",13305970100,260,249,219,295,275,220,157,113,227,222,214,255,235,198,146,153,13,15,27,53,38,7,3,0,14,20,7,10,7,7,2,3,0,0,0,0,0,0,1,0,1,0,0,1,2,0,0,0,11,2,3,2,5,4,0,1,5,6,3,3,2,6,1,2,10,4,4,4,7,0,1,0,3,1,3,3,2,2,0,0
"378",13305970200,468,473,350,426,402,336,227,127,391,450,403,454,446,363,241,206,143,169,64,84,90,50,38,17,116,141,93,107,101,62,42,38,3,1,1,2,2,2,1,0,2,2,2,3,5,1,1,0,9,7,9,4,5,6,1,1,13,9,4,7,4,6,4,3,37,24,40,23,8,7,1,1,27,18,24,12,10,1,2,0
"379",13305970300,153,201,146,173,184,188,140,136,139,192,157,192,223,233,179,229,142,112,62,57,69,39,21,26,144,149,129,98,90,49,29,48,3,2,6,6,2,2,0,0,3,1,4,1,3,4,1,1,8,6,2,7,3,2,1,0,5,5,5,3,2,0,0,1,29,35,32,23,10,3,4,0,25,30,27,17,8,4,5,4
"380",13305970400,170,174,143,169,183,157,110,98,172,158,151,166,167,152,111,138,23,42,22,18,27,30,28,13,18,32,15,27,37,27,19,17,0,0,0,0,0,0,0,0,0,0,0,0,1,0,0,0,0,1,0,2,1,1,2,1,0,0,0,3,0,1,0,1,1,3,7,0,1,2,0,0,2,7,2,1,4,1,0,1
"381",13305970500,96,118,162,230,270,240,124,114,118,155,90,134,135,114,106,197,78,101,345,417,257,98,52,22,91,101,77,82,79,54,34,29,4,2,7,2,3,2,0,0,3,2,2,4,4,1,1,0,5,1,1,2,4,0,0,0,6,4,0,5,0,1,2,1,13,12,79,106,91,44,8,4,10,14,5,12,6,2,1,1
"382",13305970600,195,211,167,214,243,204,137,104,219,195,172,206,230,195,127,131,3,15,11,4,13,9,6,10,18,18,11,12,15,8,12,11,0,0,0,0,0,0,0,1,0,0,0,0,1,1,1,0,0,1,2,1,3,1,0,1,1,3,0,2,3,3,2,1,5,3,4,7,1,0,0,0,6,2,6,2,1,0,1,0
"383",45013000100,50,62,44,66,61,71,79,41,38,54,35,54,76,79,79,44,269,301,182,176,216,112,91,100,225,320,199,205,254,137,115,178,0,0,0,0,0,0,0,0,0,0,0,0,0,0,0,0,5,6,0,2,2,0,1,2,0,1,2,5,2,1,2,1,9,8,3,4,9,1,1,0,8,10,7,7,3,1,0,0
"384",45013000200,170,162,174,146,152,100,68,46,164,152,170,154,137,109,64,48,257,286,177,147,182,112,57,53,261,323,199,212,244,137,68,76,0,0,1,2,0,1,0,0,3,1,1,2,8,3,0,0,13,9,5,0,2,0,1,1,9,7,7,4,8,0,2,1,22,3,38,12,9,8,2,0,21,11,15,7,4,3,3,0
"385",45013000300,622,196,515,433,110,32,11,6,561,221,490,381,103,34,8,11,195,101,112,142,32,4,4,3,213,111,117,148,27,7,2,4,10,4,5,3,2,0,1,0,8,9,11,27,11,1,0,0,31,14,14,8,2,1,0,0,35,13,13,9,1,3,1,0,96,27,63,33,8,0,0,0,87,17,61,36,10,0,2,0
"386",45013000400,41,131,883,116,26,7,4,1,43,19,119,12,8,4,2,2,9,22,207,42,14,0,1,0,16,9,27,6,2,1,0,0,0,1,12,1,1,0,0,0,0,2,3,4,1,0,0,0,5,4,35,3,0,0,0,0,5,4,9,2,0,0,0,0,9,28,141,21,2,0,0,0,6,3,20,1,0,0,0,0
"387",45013000501,247,208,264,241,212,166,97,72,227,215,240,252,211,158,99,108,162,165,124,113,120,69,41,28,163,188,147,139,151,78,40,46,4,4,5,4,2,0,2,0,6,3,10,7,11,5,7,2,17,11,14,8,6,2,2,1,16,14,8,6,7,3,2,3,35,33,64,32,11,5,2,1,38,17,30,20,6,5,2,1
"388",45013000502,172,144,184,167,147,115,67,50,157,149,166,175,146,110,69,75,109,111,84,77,81,46,28,19,110,127,100,94,102,53,27,31,3,3,3,3,1,0,1,0,4,2,7,5,8,3,5,1,12,8,9,6,4,1,1,1,11,9,6,4,5,2,1,2,25,24,45,23,8,4,2,1,27,12,21,14,4,3,1,1
"389",45013000503,199,167,212,194,170,133,78,58,182,173,192,202,169,127,80,87,126,128,98,89,94,54,32,22,127,147,116,109,118,61,31,36,3,4,4,3,2,0,1,0,5,3,8,6,9,4,6,1,14,9,11,7,5,2,2,1,13,11,7,5,5,2,2,2,28,27,52,26,9,4,2,1,31,14,25,16,5,4,1,1
"390",45013000600,84,71,119,101,98,103,69,66,69,61,107,111,95,107,91,133,86,90,36,49,54,27,19,8,75,72,76,62,63,38,20,38,0,0,2,1,0,1,0,0,0,0,1,2,1,0,2,0,9,1,3,7,1,1,1,2,7,4,4,5,3,1,4,1,11,1,20,4,4,2,0,2,15,9,11,4,0,2,0,2
"391",45013000700,261,248,297,345,294,245,190,212,256,248,296,326,348,271,239,397,157,125,138,128,104,70,40,64,136,132,140,124,127,72,45,141,5,8,4,2,3,4,0,2,2,1,10,7,11,2,3,3,10,8,12,11,5,3,2,3,9,5,10,8,0,5,3,1,17,18,42,17,5,6,3,2,11,15,20,20,5,5,4,1
"392",45013000800,197,180,360,253,192,128,88,103,197,161,330,228,212,148,121,193,129,97,123,78,66,36,29,24,119,116,150,98,101,56,36,54,2,3,13,3,3,3,0,0,7,7,19,8,5,1,2,1,13,7,16,13,7,0,0,0,20,10,14,8,2,1,2,1,17,12,46,9,9,4,1,0,17,18,32,12,8,4,1,0
"393",45013000901,87,73,65,91,90,71,49,47,81,73,62,94,99,75,51,53,28,30,19,16,21,14,8,7,28,36,24,25,26,18,10,12,1,2,1,2,0,0,0,0,1,2,1,2,2,1,0,0,3,3,1,1,1,0,0,0,3,1,2,1,2,0,0,0,4,5,8,5,3,0,0,1,5,4,5,5,3,1,0,0
"394",45013000902,360,301,267,378,370,295,204,195,334,302,258,389,407,311,211,219,114,124,79,65,88,57,31,29,118,150,97,104,107,75,41,48,5,6,5,7,2,1,1,0,4,9,4,8,8,6,2,1,14,10,3,5,5,2,1,1,12,6,8,6,7,1,1,1,16,20,32,19,10,2,2,3,22,15,19,19,10,5,2,2
"395",45013000903,71,59,52,74,72,58,40,38,65,59,51,76,80,61,41,43,22,24,16,13,17,11,6,6,23,29,19,20,21,15,8,9,1,1,1,1,0,0,0,0,1,2,1,2,1,1,0,0,3,2,1,1,1,0,0,0,2,1,1,1,1,0,0,0,3,4,6,4,2,0,0,1,4,3,4,4,2,1,0,0
"396",45013001000,111,1053,1149,93,30,18,0,0,93,256,261,60,22,13,0,0,32,220,287,54,6,3,0,1,29,65,75,21,4,3,0,1,0,23,35,0,1,0,0,0,0,9,6,8,1,0,0,0,14,31,40,1,0,0,0,0,9,34,24,7,1,0,0,0,22,176,225,13,3,1,0,0,13,108,66,9,1,0,0,0
"397",45013001101,38,52,36,52,75,93,126,102,37,39,33,45,72,114,130,74,183,203,105,126,155,91,66,73,180,228,116,175,187,113,72,111,1,0,1,0,0,1,0,0,0,0,1,1,1,0,1,1,4,1,0,3,3,2,0,1,3,2,2,1,2,1,2,0,12,14,25,12,13,6,2,0,11,12,10,8,6,2,1,0
"398",45013001102,53,74,52,74,107,131,179,144,52,56,47,64,103,163,185,104,260,288,148,178,220,129,94,104,256,325,165,248,266,160,103,157,1,1,1,1,0,1,0,1,1,1,1,1,1,1,1,2,5,1,1,4,4,2,0,1,4,2,3,2,3,2,3,1,18,20,35,18,19,9,2,1,15,18,14,12,8,3,1,1
"399",45013001200,11,29,18,21,46,88,140,142,21,26,14,28,57,127,143,150,0,0,0,0,0,0,0,0,0,0,0,0,1,1,1,0,0,0,0,0,0,1,0,0,0,0,0,0,0,1,0,0,0,0,0,0,0,0,1,0,1,0,0,0,0,1,0,0,0,4,0,1,2,0,1,0,0,0,0,1,0,0,0,1
"400",45013002101,12,10,10,18,14,11,17,14,12,10,11,18,14,14,19,14,3,4,2,2,2,2,1,1,4,3,3,3,3,2,1,1,0,0,0,0,0,0,0,0,0,0,0,0,0,0,0,0,1,0,0,0,0,0,0,0,1,0,0,0,0,0,0,0,2,1,3,2,1,0,0,0,2,1,2,1,0,0,0,0
"401",45013002102,28,24,24,40,31,26,39,33,28,22,25,41,32,33,44,33,8,9,5,5,5,4,3,2,8,8,7,7,7,4,3,3,0,0,0,0,0,0,0,0,0,0,0,1,0,0,0,0,1,0,0,1,0,0,0,0,2,0,0,0,0,0,0,0,5,3,6,4,2,1,0,0,4,3,5,3,1,1,0,1
"402",45013002103,48,40,40,68,52,44,66,56,48,37,43,69,54,56,75,56,13,15,8,8,9,6,4,4,14,13,11,13,12,7,5,6,0,0,0,1,0,0,0,0,0,0,1,1,0,0,0,0,2,1,0,1,0,0,0,0,3,0,0,1,0,0,0,0,9,6,11,7,3,1,1,0,6,4,8,6,1,1,1,1
"403",45013002104,117,98,98,166,127,107,162,136,117,90,104,169,132,136,182,136,32,36,20,20,22,15,11,9,35,32,28,31,29,16,13,14,1,0,1,1,1,0,0,0,0,1,1,2,1,1,1,0,6,1,1,3,1,0,1,0,6,0,1,1,0,0,1,1,21,13,27,16,7,4,2,1,15,11,19,14,3,3,2,2
"404",45013002105,6,5,5,9,7,6,8,7,6,5,5,9,7,7,9,7,2,2,1,1,1,1,1,0,2,2,1,2,2,1,1,1,0,0,0,0,0,0,0,0,0,0,0,0,0,0,0,0,0,0,0,0,0,0,0,0,0,0,0,0,0,0,0,0,1,1,1,1,0,0,0,0,1,1,1,1,0,0,0,0
"405",45013002106,63,53,53,89,69,58,87,74,63,49,56,91,71,74,98,74,17,19,11,11,12,8,6,5,19,17,15,17,16,9,7,7,0,0,0,1,0,0,0,0,0,0,1,1,0,0,0,0,3,1,0,1,0,0,1,0,3,0,0,1,0,0,0,0,11,7,14,9,4,2,1,0,8,6,10,7,2,2,1,1
"406",45013002107,206,172,173,292,225,188,285,240,206,159,183,298,232,240,320,240,56,63,35,36,39,26,19,16,61,57,49,54,51,28,22,24,2,1,1,3,1,0,1,0,1,2,2,4,1,2,1,0,10,2,2,5,1,1,2,0,11,1,2,3,1,0,1,1,37,24,47,29,12,6,3,1,27,19,34,24,6,6,3,4
"407",45013002108,152,127,128,215,166,138,210,177,152,117,135,220,171,177,236,177,41,47,26,26,29,19,14,12,45,42,36,40,38,21,16,18,1,0,1,2,1,0,0,0,0,1,2,3,1,1,1,0,8,2,1,3,1,0,1,0,8,0,1,2,0,0,1,1,27,18,35,21,9,5,2,1,20,14,25,18,4,4,2,3
"408",45013002201,126,105,69,139,169,311,368,257,126,104,74,166,201,363,342,217,15,25,9,8,8,10,4,8,8,12,10,15,15,11,6,7,0,0,0,0,0,1,1,0,1,1,0,1,1,1,1,1,2,1,1,0,1,0,1,1,0,1,1,1,1,0,2,0,1,4,1,3,3,1,1,2,3,4,1,4,6,3,3,1
"409",45013002202,53,44,29,59,71,131,156,109,53,44,31,70,85,153,145,92,7,11,4,4,4,4,2,3,4,5,4,7,7,5,3,3,0,0,0,0,0,1,1,0,0,0,0,1,0,1,1,0,1,0,0,0,1,0,0,0,0,1,0,0,1,0,1,0,0,2,1,1,1,1,0,1,1,2,1,1,2,1,1,0
"410",45013010100,35,52,29,28,85,181,253,267,43,41,34,34,100,260,263,277,0,0,0,0,0,1,1,3,0,0,0,1,0,2,2,1,0,0,0,0,1,0,0,0,0,1,0,0,3,0,0,0,0,0,0,0,0,1,1,1,2,1,1,1,0,0,0,1,0,2,3,3,1,1,1,0,1,2,0,2,1,0,0,0
"411",45013010200,111,109,85,169,163,230,298,366,95,108,69,141,207,296,351,536,0,1,7,7,7,1,0,2,1,1,0,1,4,0,2,1,0,1,1,5,2,1,0,0,0,0,1,2,1,1,1,0,1,1,2,1,1,1,2,1,2,0,1,2,0,2,1,2,39,45,120,87,32,16,7,4,25,38,76,32,16,8,6,0
"412",45013010300,140,119,156,227,223,252,273,258,152,139,162,228,260,309,250,324,1,4,3,3,1,2,6,1,3,2,2,6,2,3,2,5,1,3,0,1,2,1,0,1,0,0,0,3,1,1,2,0,4,1,1,1,2,2,0,1,1,0,1,0,1,0,1,0,10,9,20,7,2,6,0,1,6,7,8,11,3,6,4,1
"413",45013010400,115,144,29,82,157,141,144,60,102,97,40,99,169,156,114,70,47,50,42,43,38,43,20,30,63,72,43,32,57,35,26,24,4,3,0,3,2,1,1,1,1,1,2,4,2,4,1,1,0,1,2,2,2,0,1,0,2,2,1,2,1,0,1,1,49,24,76,60,15,6,2,0,42,27,51,24,16,7,3,1
"414",45013010500,89,84,99,143,124,134,81,50,67,100,94,141,165,139,73,56,61,82,29,64,52,37,16,29,76,75,38,71,63,48,29,29,0,3,0,2,1,0,1,0,2,3,0,3,1,1,0,1,7,2,1,0,1,2,1,0,2,1,3,2,4,1,1,0,30,26,40,46,21,6,5,3,36,13,42,25,8,6,3,1
"415",45013010600,160,162,42,98,208,255,327,584,115,154,42,129,255,321,343,638,1,1,0,0,0,2,0,7,1,0,0,2,2,1,4,4,0,3,0,0,0,1,1,1,0,1,1,2,2,2,2,2,1,1,0,1,1,1,2,0,2,1,0,0,1,1,0,1,0,5,0,1,0,1,3,0,2,2,5,3,3,2,1,3
"416",45013010700,146,195,50,154,205,251,404,473,123,187,67,158,281,354,458,514,3,6,2,1,5,2,5,7,3,1,4,3,3,1,8,14,2,1,0,1,1,0,1,1,1,1,0,2,2,3,1,0,2,3,1,5,0,3,0,1,2,8,1,1,0,2,0,2,0,3,4,3,4,2,2,2,0,1,2,2,2,2,1,1
"417",45013010800,80,65,135,163,130,50,37,19,68,69,116,133,101,56,35,28,56,57,37,35,28,18,9,7,68,45,42,46,41,26,8,9,0,1,1,1,2,0,0,0,1,2,1,2,0,0,1,0,4,2,3,5,5,0,0,0,1,2,6,1,4,2,1,0,122,68,320,187,38,23,6,2,91,50,133,65,26,9,5,1
"418",45013010900,51,51,21,48,56,105,180,178,48,56,18,49,86,162,168,176,10,14,11,4,7,2,1,3,15,12,6,14,7,12,3,1,0,0,0,0,2,0,0,0,0,0,0,2,0,0,2,0,1,4,1,0,0,0,0,1,3,0,0,1,0,0,2,1,10,6,17,10,5,3,1,0,14,4,11,6,6,1,1,1
"419",45013011000,36,53,155,93,85,73,42,37,43,52,72,64,77,60,48,35,15,40,74,23,13,18,9,12,24,31,26,28,29,16,16,15,2,1,5,5,0,2,0,0,0,0,5,0,3,0,1,0,0,2,29,16,2,5,2,0,3,5,17,1,0,2,0,0,54,56,177,119,53,9,10,1,48,38,66,55,20,9,5,4
"420",45013011100,54,69,69,68,104,191,202,162,38,69,42,82,117,247,170,176,2,1,1,1,0,1,4,4,1,1,1,1,2,2,5,1,0,0,1,0,0,0,3,0,0,0,2,0,0,5,0,0,0,0,0,1,0,1,2,0,1,0,0,2,0,2,0,0,24,17,65,36,18,3,7,2,8,8,24,10,7,4,2,3
"421",45013011200,34,44,62,79,64,62,53,39,37,36,46,85,75,65,57,41,1,0,1,0,0,1,0,0,1,1,1,1,0,1,0,0,0,0,0,0,0,0,0,0,0,0,0,0,0,0,0,0,0,0,0,0,0,0,0,0,0,0,0,0,0,0,0,0,1,0,1,0,0,0,0,0,1,0,1,2,0,0,0,0
"422",45013011300,30,14,69,91,67,42,33,24,28,23,82,82,52,62,33,32,2,1,9,5,1,1,1,1,1,2,9,7,1,2,1,0,0,0,0,0,0,1,0,0,1,2,2,2,0,0,0,0,0,3,0,0,1,0,0,0,0,1,0,0,3,0,0,0,18,15,70,42,8,2,0,0,14,9,32,22,4,2,1,0
"423",45053950100,181,126,155,171,168,143,120,81,171,148,142,159,170,158,94,100,235,229,146,167,194,148,112,109,219,239,148,218,216,198,88,169,0,0,0,0,0,2,0,0,0,2,0,1,0,2,3,0,5,3,1,1,0,2,0,0,1,3,3,1,2,2,0,0,8,5,13,12,3,3,2,4,4,8,10,10,3,4,1,1
"424",45053950201,56,58,73,100,80,63,46,35,51,42,50,65,58,57,47,54,96,98,136,124,102,54,30,37,85,84,70,69,70,60,35,55,0,0,1,0,0,1,0,0,0,0,0,0,0,2,0,0,2,2,2,1,3,1,1,1,2,1,1,1,3,2,0,0,10,9,24,7,8,2,0,0,8,4,9,4,3,2,0,0
"425",45053950202,163,170,214,293,235,184,133,101,148,124,147,191,168,167,138,157,281,287,396,363,299,158,87,109,247,245,206,202,205,174,101,161,1,1,2,1,1,3,1,0,1,1,1,1,1,4,0,0,5,7,4,4,7,4,2,2,6,4,3,4,7,5,1,1,30,27,70,22,23,6,1,1,23,13,26,13,9,4,1,0
"426",45053950300,171,155,156,228,198,161,87,80,158,151,146,205,164,140,106,111,311,330,173,188,190,133,115,97,271,343,211,229,262,187,125,125,2,4,2,8,2,2,2,0,2,6,4,7,6,4,0,0,8,8,5,3,4,0,1,1,4,4,5,5,7,3,0,1,86,68,212,106,44,15,2,3,48,31,62,38,10,10,2,1
